sku_id,forecast_week,forecast,lower_bound,upper_bound,model
SKU_001,2026-03-03,210.83,172.88,248.77,HistGradientBoosting
SKU_001,2026-03-10,179.77,147.41,212.13,HistGradientBoosting
SKU_001,2026-03-17,175.87,144.22,207.53,HistGradientBoosting
SKU_001,2026-03-24,177.71,145.73,209.7,HistGradientBoosting
SKU_001,2026-03-31,170.86,140.1,201.61,HistGradientBoosting
SKU_001,2026-04-07,174.69,143.25,206.14,HistGradientBoosting
SKU_001,2026-04-14,177.27,145.37,209.18,HistGradientBoosting
SKU_001,2026-04-21,169.29,138.82,199.76,HistGradientBoosting
SKU_002,2026-03-03,209.13,171.49,246.78,HistGradientBoosting
SKU_002,2026-03-10,178.54,146.41,210.68,HistGradientBoosting
SKU_002,2026-03-17,177.29,145.38,209.2,HistGradientBoosting
SKU_002,2026-03-24,178.78,146.6,210.96,HistGradientBoosting
SKU_002,2026-03-31,188.51,154.58,222.44,HistGradientBoosting
SKU_002,2026-04-07,174.71,143.26,206.15,HistGradientBoosting
SKU_002,2026-04-14,180.66,148.14,213.18,HistGradientBoosting
SKU_002,2026-04-21,175.76,144.13,207.4,HistGradientBoosting
SKU_003,2026-03-03,193.68,158.82,228.54,HistGradientBoosting
SKU_003,2026-03-10,192.06,157.49,226.63,HistGradientBoosting
SKU_003,2026-03-17,177.63,145.65,209.6,HistGradientBoosting
SKU_003,2026-03-24,171.62,140.73,202.52,HistGradientBoosting
SKU_003,2026-03-31,175.73,144.1,207.36,HistGradientBoosting
SKU_003,2026-04-07,176.79,144.97,208.61,HistGradientBoosting
SKU_003,2026-04-14,172.7,141.62,203.79,HistGradientBoosting
SKU_003,2026-04-21,175.72,144.09,207.35,HistGradientBoosting
SKU_004,2026-03-03,195.67,160.45,230.89,HistGradientBoosting
SKU_004,2026-03-10,177.41,145.47,209.34,HistGradientBoosting
SKU_004,2026-03-17,176.32,144.58,208.05,HistGradientBoosting
SKU_004,2026-03-24,177.83,145.82,209.84,HistGradientBoosting
SKU_004,2026-03-31,173.31,142.11,204.51,HistGradientBoosting
SKU_004,2026-04-07,173.8,142.52,205.09,HistGradientBoosting
SKU_004,2026-04-14,171.53,140.65,202.4,HistGradientBoosting
SKU_004,2026-04-21,171.57,140.68,202.45,HistGradientBoosting
SKU_005,2026-03-03,195.68,160.46,230.9,HistGradientBoosting
SKU_005,2026-03-10,184.3,151.12,217.47,HistGradientBoosting
SKU_005,2026-03-17,176.42,144.66,208.17,HistGradientBoosting
SKU_005,2026-03-24,177.04,145.17,208.9,HistGradientBoosting
SKU_005,2026-03-31,175.34,143.78,206.9,HistGradientBoosting
SKU_005,2026-04-07,174.97,143.47,206.46,HistGradientBoosting
SKU_005,2026-04-14,174.81,143.34,206.28,HistGradientBoosting
SKU_005,2026-04-21,173.44,142.22,204.66,HistGradientBoosting
SKU_006,2026-03-03,57.11,46.83,67.39,HistGradientBoosting
SKU_006,2026-03-10,52.33,42.91,61.75,HistGradientBoosting
SKU_006,2026-03-17,52.6,43.13,62.07,HistGradientBoosting
SKU_006,2026-03-24,53.48,43.85,63.11,HistGradientBoosting
SKU_006,2026-03-31,54.59,44.76,64.42,HistGradientBoosting
SKU_006,2026-04-07,53.05,43.5,62.6,HistGradientBoosting
SKU_006,2026-04-14,53.95,44.24,63.66,HistGradientBoosting
SKU_006,2026-04-21,51.07,41.87,60.26,HistGradientBoosting
SKU_007,2026-03-03,68.68,56.32,81.04,HistGradientBoosting
SKU_007,2026-03-10,61.05,50.06,72.04,HistGradientBoosting
SKU_007,2026-03-17,63.43,52.01,74.85,HistGradientBoosting
SKU_007,2026-03-24,65.12,53.4,76.84,HistGradientBoosting
SKU_007,2026-03-31,65.38,53.61,77.14,HistGradientBoosting
SKU_007,2026-04-07,63.66,52.2,75.12,HistGradientBoosting
SKU_007,2026-04-14,62.76,51.46,74.06,HistGradientBoosting
SKU_007,2026-04-21,58.47,47.94,68.99,HistGradientBoosting
SKU_008,2026-03-03,48.71,39.95,57.48,HistGradientBoosting
SKU_008,2026-03-10,43.31,35.51,51.11,HistGradientBoosting
SKU_008,2026-03-17,42.77,35.08,50.47,HistGradientBoosting
SKU_008,2026-03-24,41.96,34.41,49.51,HistGradientBoosting
SKU_008,2026-03-31,42.88,35.16,50.6,HistGradientBoosting
SKU_008,2026-04-07,41.57,34.09,49.05,HistGradientBoosting
SKU_008,2026-04-14,39.86,32.69,47.04,HistGradientBoosting
SKU_008,2026-04-21,39.85,32.68,47.03,HistGradientBoosting
SKU_009,2026-03-03,73.73,60.46,87.0,HistGradientBoosting
SKU_009,2026-03-10,62.59,51.32,73.85,HistGradientBoosting
SKU_009,2026-03-17,66.29,54.36,78.22,HistGradientBoosting
SKU_009,2026-03-24,64.83,53.16,76.49,HistGradientBoosting
SKU_009,2026-03-31,66.59,54.6,78.58,HistGradientBoosting
SKU_009,2026-04-07,64.48,52.87,76.08,HistGradientBoosting
SKU_009,2026-04-14,65.42,53.64,77.2,HistGradientBoosting
SKU_009,2026-04-21,64.08,52.54,75.61,HistGradientBoosting
SKU_010,2026-03-03,91.01,74.63,107.39,HistGradientBoosting
SKU_010,2026-03-10,81.1,66.5,95.7,HistGradientBoosting
SKU_010,2026-03-17,82.29,67.47,97.1,HistGradientBoosting
SKU_010,2026-03-24,83.11,68.15,98.07,HistGradientBoosting
SKU_010,2026-03-31,81.77,67.05,96.49,HistGradientBoosting
SKU_010,2026-04-07,82.83,67.92,97.74,HistGradientBoosting
SKU_010,2026-04-14,81.31,66.68,95.95,HistGradientBoosting
SKU_010,2026-04-21,78.89,64.69,93.09,HistGradientBoosting
SKU_011,2026-03-03,63.37,51.97,74.78,HistGradientBoosting
SKU_011,2026-03-10,57.79,47.39,68.19,HistGradientBoosting
SKU_011,2026-03-17,59.05,48.42,69.68,HistGradientBoosting
SKU_011,2026-03-24,57.96,47.53,68.39,HistGradientBoosting
SKU_011,2026-03-31,58.49,47.96,69.02,HistGradientBoosting
SKU_011,2026-04-07,58.74,48.17,69.32,HistGradientBoosting
SKU_011,2026-04-14,57.35,47.03,67.67,HistGradientBoosting
SKU_011,2026-04-21,55.21,45.27,65.15,HistGradientBoosting
SKU_012,2026-03-03,56.36,46.22,66.51,HistGradientBoosting
SKU_012,2026-03-10,53.28,43.69,62.87,HistGradientBoosting
SKU_012,2026-03-17,50.0,41.0,59.0,HistGradientBoosting
SKU_012,2026-03-24,47.64,39.06,56.21,HistGradientBoosting
SKU_012,2026-03-31,49.3,40.42,58.17,HistGradientBoosting
SKU_012,2026-04-07,49.31,40.43,58.18,HistGradientBoosting
SKU_012,2026-04-14,49.6,40.67,58.53,HistGradientBoosting
SKU_012,2026-04-21,47.86,39.24,56.47,HistGradientBoosting
SKU_013,2026-03-03,46.55,38.17,54.93,HistGradientBoosting
SKU_013,2026-03-10,41.5,34.03,48.97,HistGradientBoosting
SKU_013,2026-03-17,42.36,34.73,49.98,HistGradientBoosting
SKU_013,2026-03-24,41.31,33.87,48.75,HistGradientBoosting
SKU_013,2026-03-31,38.71,31.75,45.68,HistGradientBoosting
SKU_013,2026-04-07,37.77,30.97,44.57,HistGradientBoosting
SKU_013,2026-04-14,37.02,30.36,43.69,HistGradientBoosting
SKU_013,2026-04-21,35.81,29.36,42.25,HistGradientBoosting
SKU_014,2026-03-03,59.68,48.94,70.42,HistGradientBoosting
SKU_014,2026-03-10,55.19,45.25,65.12,HistGradientBoosting
SKU_014,2026-03-17,53.03,43.48,62.57,HistGradientBoosting
SKU_014,2026-03-24,51.56,42.28,60.84,HistGradientBoosting
SKU_014,2026-03-31,52.03,42.66,61.39,HistGradientBoosting
SKU_014,2026-04-07,52.98,43.44,62.51,HistGradientBoosting
SKU_014,2026-04-14,53.33,43.73,62.93,HistGradientBoosting
SKU_014,2026-04-21,50.56,41.46,59.66,HistGradientBoosting
SKU_015,2026-03-03,37.38,30.65,44.11,HistGradientBoosting
SKU_015,2026-03-10,34.08,27.95,40.22,HistGradientBoosting
SKU_015,2026-03-17,32.06,26.29,37.83,HistGradientBoosting
SKU_015,2026-03-24,31.6,25.91,37.29,HistGradientBoosting
SKU_015,2026-03-31,31.71,26.0,37.42,HistGradientBoosting
SKU_015,2026-04-07,32.01,26.25,37.78,HistGradientBoosting
SKU_015,2026-04-14,32.42,26.59,38.26,HistGradientBoosting
SKU_015,2026-04-21,31.6,25.91,37.28,HistGradientBoosting
SKU_016,2026-03-03,38.45,31.53,45.37,HistGradientBoosting
SKU_016,2026-03-10,36.75,30.13,43.36,HistGradientBoosting
SKU_016,2026-03-17,37.68,30.9,44.47,HistGradientBoosting
SKU_016,2026-03-24,37.16,30.47,43.85,HistGradientBoosting
SKU_016,2026-03-31,38.1,31.24,44.96,HistGradientBoosting
SKU_016,2026-04-07,36.86,30.22,43.49,HistGradientBoosting
SKU_016,2026-04-14,34.08,27.95,40.22,HistGradientBoosting
SKU_016,2026-04-21,34.24,28.08,40.4,HistGradientBoosting
SKU_017,2026-03-03,55.44,45.46,65.42,HistGradientBoosting
SKU_017,2026-03-10,49.66,40.72,58.6,HistGradientBoosting
SKU_017,2026-03-17,49.62,40.69,58.55,HistGradientBoosting
SKU_017,2026-03-24,50.59,41.48,59.7,HistGradientBoosting
SKU_017,2026-03-31,49.05,40.22,57.87,HistGradientBoosting
SKU_017,2026-04-07,48.61,39.86,57.36,HistGradientBoosting
SKU_017,2026-04-14,48.38,39.67,57.09,HistGradientBoosting
SKU_017,2026-04-21,47.71,39.12,56.3,HistGradientBoosting
SKU_018,2026-03-03,10.67,8.75,12.6,HistGradientBoosting
SKU_018,2026-03-10,10.38,8.51,12.25,HistGradientBoosting
SKU_018,2026-03-17,10.14,8.32,11.97,HistGradientBoosting
SKU_018,2026-03-24,9.73,7.98,11.48,HistGradientBoosting
SKU_018,2026-03-31,10.4,8.53,12.27,HistGradientBoosting
SKU_018,2026-04-07,10.38,8.51,12.24,HistGradientBoosting
SKU_018,2026-04-14,10.3,8.44,12.15,HistGradientBoosting
SKU_018,2026-04-21,9.8,8.04,11.57,HistGradientBoosting
SKU_019,2026-03-03,23.49,19.26,27.72,HistGradientBoosting
SKU_019,2026-03-10,21.81,17.89,25.74,HistGradientBoosting
SKU_019,2026-03-17,21.97,18.01,25.92,HistGradientBoosting
SKU_019,2026-03-24,21.93,17.98,25.88,HistGradientBoosting
SKU_019,2026-03-31,21.33,17.49,25.17,HistGradientBoosting
SKU_019,2026-04-07,23.87,19.57,28.17,HistGradientBoosting
SKU_019,2026-04-14,21.66,17.76,25.55,HistGradientBoosting
SKU_019,2026-04-21,20.61,16.9,24.32,HistGradientBoosting
SKU_020,2026-03-03,56.72,46.51,66.93,HistGradientBoosting
SKU_020,2026-03-10,53.5,43.87,63.13,HistGradientBoosting
SKU_020,2026-03-17,52.6,43.13,62.07,HistGradientBoosting
SKU_020,2026-03-24,49.37,40.49,58.26,HistGradientBoosting
SKU_020,2026-03-31,50.06,41.05,59.08,HistGradientBoosting
SKU_020,2026-04-07,49.75,40.8,58.71,HistGradientBoosting
SKU_020,2026-04-14,49.55,40.63,58.47,HistGradientBoosting
SKU_020,2026-04-21,51.58,42.3,60.87,HistGradientBoosting
SKU_021,2026-03-03,44.94,36.85,53.03,HistGradientBoosting
SKU_021,2026-03-10,39.73,32.58,46.89,HistGradientBoosting
SKU_021,2026-03-17,37.79,30.99,44.59,HistGradientBoosting
SKU_021,2026-03-24,37.46,30.72,44.2,HistGradientBoosting
SKU_021,2026-03-31,35.76,29.32,42.2,HistGradientBoosting
SKU_021,2026-04-07,34.6,28.37,40.83,HistGradientBoosting
SKU_021,2026-04-14,34.77,28.51,41.02,HistGradientBoosting
SKU_021,2026-04-21,34.09,27.96,40.23,HistGradientBoosting
SKU_022,2026-03-03,34.64,28.41,40.88,HistGradientBoosting
SKU_022,2026-03-10,30.98,25.41,36.56,HistGradientBoosting
SKU_022,2026-03-17,28.65,23.49,33.81,HistGradientBoosting
SKU_022,2026-03-24,28.79,23.61,33.97,HistGradientBoosting
SKU_022,2026-03-31,28.65,23.49,33.81,HistGradientBoosting
SKU_022,2026-04-07,28.73,23.56,33.91,HistGradientBoosting
SKU_022,2026-04-14,27.94,22.91,32.97,HistGradientBoosting
SKU_022,2026-04-21,27.96,22.93,33.0,HistGradientBoosting
SKU_023,2026-03-03,69.56,57.04,82.08,HistGradientBoosting
SKU_023,2026-03-10,65.53,53.73,77.32,HistGradientBoosting
SKU_023,2026-03-17,66.27,54.35,78.2,HistGradientBoosting
SKU_023,2026-03-24,65.75,53.91,77.58,HistGradientBoosting
SKU_023,2026-03-31,66.45,54.49,78.41,HistGradientBoosting
SKU_023,2026-04-07,67.93,55.7,80.16,HistGradientBoosting
SKU_023,2026-04-14,65.63,53.81,77.44,HistGradientBoosting
SKU_023,2026-04-21,63.48,52.06,74.91,HistGradientBoosting
SKU_024,2026-03-03,68.08,55.82,80.33,HistGradientBoosting
SKU_024,2026-03-10,65.24,53.49,76.98,HistGradientBoosting
SKU_024,2026-03-17,65.7,53.88,77.53,HistGradientBoosting
SKU_024,2026-03-24,63.75,52.28,75.23,HistGradientBoosting
SKU_024,2026-03-31,65.98,54.1,77.86,HistGradientBoosting
SKU_024,2026-04-07,63.89,52.39,75.39,HistGradientBoosting
SKU_024,2026-04-14,62.23,51.03,73.43,HistGradientBoosting
SKU_024,2026-04-21,62.98,51.64,74.31,HistGradientBoosting
SKU_025,2026-03-03,20.32,16.66,23.97,HistGradientBoosting
SKU_025,2026-03-10,18.65,15.29,22.0,HistGradientBoosting
SKU_025,2026-03-17,17.44,14.3,20.58,HistGradientBoosting
SKU_025,2026-03-24,16.87,13.84,19.91,HistGradientBoosting
SKU_025,2026-03-31,16.66,13.66,19.66,HistGradientBoosting
SKU_025,2026-04-07,16.76,13.75,19.78,HistGradientBoosting
SKU_025,2026-04-14,15.34,12.58,18.1,HistGradientBoosting
SKU_025,2026-04-21,14.93,12.24,17.62,HistGradientBoosting
SKU_026,2026-03-03,89.79,73.63,105.95,HistGradientBoosting
SKU_026,2026-03-10,78.35,64.25,92.46,HistGradientBoosting
SKU_026,2026-03-17,78.11,64.05,92.17,HistGradientBoosting
SKU_026,2026-03-24,80.13,65.7,94.55,HistGradientBoosting
SKU_026,2026-03-31,80.19,65.76,94.62,HistGradientBoosting
SKU_026,2026-04-07,77.32,63.41,91.24,HistGradientBoosting
SKU_026,2026-04-14,77.22,63.32,91.12,HistGradientBoosting
SKU_026,2026-04-21,72.4,59.37,85.43,HistGradientBoosting
SKU_027,2026-03-03,48.65,39.89,57.4,HistGradientBoosting
SKU_027,2026-03-10,43.69,35.83,51.55,HistGradientBoosting
SKU_027,2026-03-17,42.66,34.98,50.34,HistGradientBoosting
SKU_027,2026-03-24,40.01,32.8,47.21,HistGradientBoosting
SKU_027,2026-03-31,38.9,31.89,45.9,HistGradientBoosting
SKU_027,2026-04-07,38.71,31.74,45.68,HistGradientBoosting
SKU_027,2026-04-14,39.54,32.43,46.66,HistGradientBoosting
SKU_027,2026-04-21,39.08,32.05,46.11,HistGradientBoosting
SKU_028,2026-03-03,71.07,58.27,83.86,HistGradientBoosting
SKU_028,2026-03-10,65.17,53.44,76.9,HistGradientBoosting
SKU_028,2026-03-17,66.31,54.37,78.24,HistGradientBoosting
SKU_028,2026-03-24,65.35,53.59,77.12,HistGradientBoosting
SKU_028,2026-03-31,65.61,53.8,77.42,HistGradientBoosting
SKU_028,2026-04-07,64.07,52.53,75.6,HistGradientBoosting
SKU_028,2026-04-14,63.33,51.93,74.72,HistGradientBoosting
SKU_028,2026-04-21,59.51,48.8,70.23,HistGradientBoosting
SKU_029,2026-03-03,55.96,45.88,66.03,HistGradientBoosting
SKU_029,2026-03-10,53.64,43.99,63.3,HistGradientBoosting
SKU_029,2026-03-17,50.97,41.8,60.15,HistGradientBoosting
SKU_029,2026-03-24,54.11,44.37,63.85,HistGradientBoosting
SKU_029,2026-03-31,54.93,45.04,64.82,HistGradientBoosting
SKU_029,2026-04-07,53.57,43.93,63.21,HistGradientBoosting
SKU_029,2026-04-14,51.13,41.92,60.33,HistGradientBoosting
SKU_029,2026-04-21,49.81,40.85,58.78,HistGradientBoosting
SKU_030,2026-03-03,94.1,77.16,111.04,HistGradientBoosting
SKU_030,2026-03-10,80.74,66.21,95.27,HistGradientBoosting
SKU_030,2026-03-17,82.19,67.4,96.99,HistGradientBoosting
SKU_030,2026-03-24,84.2,69.04,99.35,HistGradientBoosting
SKU_030,2026-03-31,84.46,69.26,99.66,HistGradientBoosting
SKU_030,2026-04-07,83.69,68.63,98.76,HistGradientBoosting
SKU_030,2026-04-14,85.1,69.78,100.41,HistGradientBoosting
SKU_030,2026-04-21,82.66,67.78,97.54,HistGradientBoosting
SKU_031,2026-03-03,73.02,59.87,86.16,HistGradientBoosting
SKU_031,2026-03-10,61.52,50.45,72.6,HistGradientBoosting
SKU_031,2026-03-17,66.61,54.62,78.6,HistGradientBoosting
SKU_031,2026-03-24,65.46,53.68,77.24,HistGradientBoosting
SKU_031,2026-03-31,64.83,53.16,76.5,HistGradientBoosting
SKU_031,2026-04-07,65.49,53.7,77.28,HistGradientBoosting
SKU_031,2026-04-14,64.67,53.03,76.31,HistGradientBoosting
SKU_031,2026-04-21,61.49,50.42,72.56,HistGradientBoosting
SKU_032,2026-03-03,65.79,53.95,77.63,HistGradientBoosting
SKU_032,2026-03-10,59.81,49.04,70.57,HistGradientBoosting
SKU_032,2026-03-17,59.21,48.56,69.87,HistGradientBoosting
SKU_032,2026-03-24,58.33,47.83,68.83,HistGradientBoosting
SKU_032,2026-03-31,59.48,48.77,70.19,HistGradientBoosting
SKU_032,2026-04-07,59.64,48.91,70.38,HistGradientBoosting
SKU_032,2026-04-14,57.94,47.51,68.37,HistGradientBoosting
SKU_032,2026-04-21,58.3,47.8,68.79,HistGradientBoosting
SKU_033,2026-03-03,71.77,58.85,84.69,HistGradientBoosting
SKU_033,2026-03-10,64.17,52.62,75.72,HistGradientBoosting
SKU_033,2026-03-17,66.7,54.69,78.7,HistGradientBoosting
SKU_033,2026-03-24,67.29,55.18,79.4,HistGradientBoosting
SKU_033,2026-03-31,69.55,57.03,82.07,HistGradientBoosting
SKU_033,2026-04-07,67.42,55.28,79.55,HistGradientBoosting
SKU_033,2026-04-14,65.78,53.94,77.62,HistGradientBoosting
SKU_033,2026-04-21,62.75,51.46,74.05,HistGradientBoosting
SKU_034,2026-03-03,17.13,14.04,20.21,HistGradientBoosting
SKU_034,2026-03-10,16.05,13.16,18.94,HistGradientBoosting
SKU_034,2026-03-17,14.95,12.26,17.64,HistGradientBoosting
SKU_034,2026-03-24,15.0,12.3,17.7,HistGradientBoosting
SKU_034,2026-03-31,14.91,12.23,17.6,HistGradientBoosting
SKU_034,2026-04-07,14.9,12.21,17.58,HistGradientBoosting
SKU_034,2026-04-14,15.26,12.51,18.0,HistGradientBoosting
SKU_034,2026-04-21,12.55,10.29,14.8,HistGradientBoosting
SKU_035,2026-03-03,21.42,17.57,25.28,HistGradientBoosting
SKU_035,2026-03-10,21.27,17.44,25.1,HistGradientBoosting
SKU_035,2026-03-17,20.98,17.2,24.75,HistGradientBoosting
SKU_035,2026-03-24,19.92,16.34,23.51,HistGradientBoosting
SKU_035,2026-03-31,19.76,16.2,23.32,HistGradientBoosting
SKU_035,2026-04-07,20.35,16.69,24.02,HistGradientBoosting
SKU_035,2026-04-14,19.96,16.37,23.55,HistGradientBoosting
SKU_035,2026-04-21,20.44,16.76,24.12,HistGradientBoosting
SKU_036,2026-03-03,69.59,57.07,82.12,HistGradientBoosting
SKU_036,2026-03-10,59.94,49.15,70.73,HistGradientBoosting
SKU_036,2026-03-17,65.51,53.72,77.3,HistGradientBoosting
SKU_036,2026-03-24,63.33,51.93,74.73,HistGradientBoosting
SKU_036,2026-03-31,64.15,52.6,75.69,HistGradientBoosting
SKU_036,2026-04-07,63.99,52.47,75.5,HistGradientBoosting
SKU_036,2026-04-14,62.44,51.2,73.68,HistGradientBoosting
SKU_036,2026-04-21,61.03,50.05,72.02,HistGradientBoosting
SKU_037,2026-03-03,55.54,45.55,65.54,HistGradientBoosting
SKU_037,2026-03-10,54.75,44.9,64.61,HistGradientBoosting
SKU_037,2026-03-17,49.64,40.7,58.57,HistGradientBoosting
SKU_037,2026-03-24,48.42,39.71,57.14,HistGradientBoosting
SKU_037,2026-03-31,49.75,40.79,58.7,HistGradientBoosting
SKU_037,2026-04-07,49.0,40.18,57.82,HistGradientBoosting
SKU_037,2026-04-14,47.44,38.9,55.98,HistGradientBoosting
SKU_037,2026-04-21,44.43,36.43,52.43,HistGradientBoosting
SKU_038,2026-03-03,70.11,57.49,82.73,HistGradientBoosting
SKU_038,2026-03-10,65.51,53.72,77.31,HistGradientBoosting
SKU_038,2026-03-17,67.1,55.03,79.18,HistGradientBoosting
SKU_038,2026-03-24,65.16,53.43,76.89,HistGradientBoosting
SKU_038,2026-03-31,66.99,54.93,79.05,HistGradientBoosting
SKU_038,2026-04-07,65.15,53.42,76.87,HistGradientBoosting
SKU_038,2026-04-14,64.51,52.89,76.12,HistGradientBoosting
SKU_038,2026-04-21,64.57,52.95,76.19,HistGradientBoosting
SKU_039,2026-03-03,12.2,10.0,14.39,HistGradientBoosting
SKU_039,2026-03-10,12.37,10.14,14.6,HistGradientBoosting
SKU_039,2026-03-17,12.64,10.37,14.92,HistGradientBoosting
SKU_039,2026-03-24,12.91,10.59,15.24,HistGradientBoosting
SKU_039,2026-03-31,12.66,10.38,14.93,HistGradientBoosting
SKU_039,2026-04-07,12.98,10.65,15.32,HistGradientBoosting
SKU_039,2026-04-14,12.51,10.26,14.77,HistGradientBoosting
SKU_039,2026-04-21,12.71,10.43,15.0,HistGradientBoosting
SKU_040,2026-03-03,54.71,44.86,64.56,HistGradientBoosting
SKU_040,2026-03-10,51.08,41.89,60.27,HistGradientBoosting
SKU_040,2026-03-17,48.09,39.43,56.75,HistGradientBoosting
SKU_040,2026-03-24,46.98,38.52,55.43,HistGradientBoosting
SKU_040,2026-03-31,48.31,39.61,57.0,HistGradientBoosting
SKU_040,2026-04-07,47.95,39.32,56.58,HistGradientBoosting
SKU_040,2026-04-14,48.21,39.53,56.89,HistGradientBoosting
SKU_040,2026-04-21,47.62,39.05,56.2,HistGradientBoosting
SKU_041,2026-03-03,40.15,32.93,47.38,HistGradientBoosting
SKU_041,2026-03-10,36.13,29.62,42.63,HistGradientBoosting
SKU_041,2026-03-17,36.65,30.06,43.25,HistGradientBoosting
SKU_041,2026-03-24,36.5,29.93,43.07,HistGradientBoosting
SKU_041,2026-03-31,36.58,29.99,43.16,HistGradientBoosting
SKU_041,2026-04-07,35.51,29.12,41.91,HistGradientBoosting
SKU_041,2026-04-14,35.22,28.88,41.55,HistGradientBoosting
SKU_041,2026-04-21,34.71,28.46,40.96,HistGradientBoosting
SKU_042,2026-03-03,48.73,39.96,57.51,HistGradientBoosting
SKU_042,2026-03-10,45.73,37.49,53.96,HistGradientBoosting
SKU_042,2026-03-17,44.8,36.73,52.86,HistGradientBoosting
SKU_042,2026-03-24,44.99,36.89,53.09,HistGradientBoosting
SKU_042,2026-03-31,43.96,36.05,51.88,HistGradientBoosting
SKU_042,2026-04-07,44.04,36.11,51.97,HistGradientBoosting
SKU_042,2026-04-14,45.11,36.99,53.23,HistGradientBoosting
SKU_042,2026-04-21,39.89,32.71,47.07,HistGradientBoosting
SKU_043,2026-03-03,63.52,52.08,74.95,HistGradientBoosting
SKU_043,2026-03-10,58.7,48.14,69.27,HistGradientBoosting
SKU_043,2026-03-17,58.19,47.71,68.66,HistGradientBoosting
SKU_043,2026-03-24,58.14,47.68,68.61,HistGradientBoosting
SKU_043,2026-03-31,58.26,47.77,68.74,HistGradientBoosting
SKU_043,2026-04-07,60.27,49.42,71.12,HistGradientBoosting
SKU_043,2026-04-14,56.92,46.67,67.16,HistGradientBoosting
SKU_043,2026-04-21,54.76,44.91,64.62,HistGradientBoosting
SKU_044,2026-03-03,47.81,39.21,56.42,HistGradientBoosting
SKU_044,2026-03-10,43.84,35.95,51.73,HistGradientBoosting
SKU_044,2026-03-17,42.26,34.65,49.86,HistGradientBoosting
SKU_044,2026-03-24,42.07,34.5,49.64,HistGradientBoosting
SKU_044,2026-03-31,42.73,35.04,50.43,HistGradientBoosting
SKU_044,2026-04-07,40.74,33.4,48.07,HistGradientBoosting
SKU_044,2026-04-14,39.78,32.62,46.94,HistGradientBoosting
SKU_044,2026-04-21,39.41,32.31,46.5,HistGradientBoosting
SKU_045,2026-03-03,53.26,43.67,62.84,HistGradientBoosting
SKU_045,2026-03-10,47.32,38.8,55.83,HistGradientBoosting
SKU_045,2026-03-17,47.29,38.78,55.8,HistGradientBoosting
SKU_045,2026-03-24,47.27,38.76,55.78,HistGradientBoosting
SKU_045,2026-03-31,48.21,39.53,56.89,HistGradientBoosting
SKU_045,2026-04-07,48.14,39.48,56.81,HistGradientBoosting
SKU_045,2026-04-14,45.32,37.17,53.48,HistGradientBoosting
SKU_045,2026-04-21,44.5,36.49,52.51,HistGradientBoosting
SKU_046,2026-03-03,47.89,39.27,56.51,HistGradientBoosting
SKU_046,2026-03-10,50.38,41.31,59.44,HistGradientBoosting
SKU_046,2026-03-17,42.47,34.82,50.11,HistGradientBoosting
SKU_046,2026-03-24,42.77,35.07,50.47,HistGradientBoosting
SKU_046,2026-03-31,42.85,35.14,50.56,HistGradientBoosting
SKU_046,2026-04-07,42.14,34.55,49.72,HistGradientBoosting
SKU_046,2026-04-14,40.93,33.57,48.3,HistGradientBoosting
SKU_046,2026-04-21,40.9,33.53,48.26,HistGradientBoosting
SKU_047,2026-03-03,42.3,34.68,49.91,HistGradientBoosting
SKU_047,2026-03-10,37.33,30.61,44.05,HistGradientBoosting
SKU_047,2026-03-17,36.15,29.64,42.66,HistGradientBoosting
SKU_047,2026-03-24,37.07,30.4,43.75,HistGradientBoosting
SKU_047,2026-03-31,37.52,30.77,44.27,HistGradientBoosting
SKU_047,2026-04-07,37.27,30.57,43.98,HistGradientBoosting
SKU_047,2026-04-14,38.43,31.51,45.34,HistGradientBoosting
SKU_047,2026-04-21,36.55,29.97,43.12,HistGradientBoosting
SKU_048,2026-03-03,73.52,60.28,86.75,HistGradientBoosting
SKU_048,2026-03-10,66.71,54.7,78.72,HistGradientBoosting
SKU_048,2026-03-17,70.54,57.84,83.24,HistGradientBoosting
SKU_048,2026-03-24,73.41,60.19,86.62,HistGradientBoosting
SKU_048,2026-03-31,66.61,54.62,78.61,HistGradientBoosting
SKU_048,2026-04-07,65.35,53.59,77.12,HistGradientBoosting
SKU_048,2026-04-14,64.68,53.04,76.33,HistGradientBoosting
SKU_048,2026-04-21,60.92,49.96,71.89,HistGradientBoosting
SKU_049,2026-03-03,5.05,4.14,5.96,HistGradientBoosting
SKU_049,2026-03-10,5.42,4.44,6.39,HistGradientBoosting
SKU_049,2026-03-17,3.79,3.11,4.48,HistGradientBoosting
SKU_049,2026-03-24,5.45,4.47,6.43,HistGradientBoosting
SKU_049,2026-03-31,4.56,3.74,5.38,HistGradientBoosting
SKU_049,2026-04-07,4.45,3.65,5.25,HistGradientBoosting
SKU_049,2026-04-14,4.22,3.46,4.98,HistGradientBoosting
SKU_049,2026-04-21,4.14,3.39,4.88,HistGradientBoosting
SKU_050,2026-03-03,62.32,51.1,73.54,HistGradientBoosting
SKU_050,2026-03-10,57.36,47.04,67.69,HistGradientBoosting
SKU_050,2026-03-17,54.54,44.72,64.36,HistGradientBoosting
SKU_050,2026-03-24,53.09,43.53,62.65,HistGradientBoosting
SKU_050,2026-03-31,54.18,44.43,63.93,HistGradientBoosting
SKU_050,2026-04-07,53.76,44.08,63.43,HistGradientBoosting
SKU_050,2026-04-14,52.84,43.33,62.35,HistGradientBoosting
SKU_050,2026-04-21,52.82,43.31,62.33,HistGradientBoosting
SKU_051,2026-03-03,59.97,49.17,70.76,HistGradientBoosting
SKU_051,2026-03-10,54.03,44.31,63.76,HistGradientBoosting
SKU_051,2026-03-17,50.83,41.68,59.97,HistGradientBoosting
SKU_051,2026-03-24,51.07,41.88,60.26,HistGradientBoosting
SKU_051,2026-03-31,51.24,42.02,60.47,HistGradientBoosting
SKU_051,2026-04-07,53.33,43.73,62.92,HistGradientBoosting
SKU_051,2026-04-14,50.96,41.79,60.13,HistGradientBoosting
SKU_051,2026-04-21,49.95,40.96,58.94,HistGradientBoosting
SKU_052,2026-03-03,70.39,57.72,83.06,HistGradientBoosting
SKU_052,2026-03-10,63.16,51.79,74.53,HistGradientBoosting
SKU_052,2026-03-17,63.62,52.17,75.08,HistGradientBoosting
SKU_052,2026-03-24,62.13,50.95,73.31,HistGradientBoosting
SKU_052,2026-03-31,61.28,50.25,72.31,HistGradientBoosting
SKU_052,2026-04-07,63.16,51.79,74.53,HistGradientBoosting
SKU_052,2026-04-14,61.21,50.19,72.23,HistGradientBoosting
SKU_052,2026-04-21,58.75,48.18,69.33,HistGradientBoosting
SKU_053,2026-03-03,59.41,48.71,70.1,HistGradientBoosting
SKU_053,2026-03-10,55.22,45.28,65.16,HistGradientBoosting
SKU_053,2026-03-17,53.13,43.57,62.7,HistGradientBoosting
SKU_053,2026-03-24,54.24,44.47,64.0,HistGradientBoosting
SKU_053,2026-03-31,53.91,44.2,63.61,HistGradientBoosting
SKU_053,2026-04-07,55.39,45.42,65.36,HistGradientBoosting
SKU_053,2026-04-14,54.16,44.41,63.9,HistGradientBoosting
SKU_053,2026-04-21,50.58,41.47,59.68,HistGradientBoosting
SKU_054,2026-03-03,76.31,62.58,90.05,HistGradientBoosting
SKU_054,2026-03-10,67.49,55.35,79.64,HistGradientBoosting
SKU_054,2026-03-17,67.5,55.35,79.65,HistGradientBoosting
SKU_054,2026-03-24,67.31,55.19,79.42,HistGradientBoosting
SKU_054,2026-03-31,69.28,56.81,81.76,HistGradientBoosting
SKU_054,2026-04-07,66.91,54.87,78.96,HistGradientBoosting
SKU_054,2026-04-14,67.4,55.27,79.53,HistGradientBoosting
SKU_054,2026-04-21,65.32,53.57,77.08,HistGradientBoosting
SKU_055,2026-03-03,94.7,77.65,111.74,HistGradientBoosting
SKU_055,2026-03-10,81.97,67.22,96.73,HistGradientBoosting
SKU_055,2026-03-17,82.48,67.63,97.32,HistGradientBoosting
SKU_055,2026-03-24,83.97,68.86,99.09,HistGradientBoosting
SKU_055,2026-03-31,83.99,68.87,99.11,HistGradientBoosting
SKU_055,2026-04-07,79.73,65.38,94.09,HistGradientBoosting
SKU_055,2026-04-14,79.01,64.79,93.24,HistGradientBoosting
SKU_055,2026-04-21,76.95,63.1,90.8,HistGradientBoosting
SKU_056,2026-03-03,33.86,27.77,39.96,HistGradientBoosting
SKU_056,2026-03-10,32.41,26.58,38.25,HistGradientBoosting
SKU_056,2026-03-17,31.46,25.8,37.12,HistGradientBoosting
SKU_056,2026-03-24,30.67,25.15,36.19,HistGradientBoosting
SKU_056,2026-03-31,31.9,26.16,37.65,HistGradientBoosting
SKU_056,2026-04-07,31.51,25.84,37.18,HistGradientBoosting
SKU_056,2026-04-14,29.72,24.37,35.07,HistGradientBoosting
SKU_056,2026-04-21,29.28,24.01,34.55,HistGradientBoosting
SKU_057,2026-03-03,27.82,22.82,32.83,HistGradientBoosting
SKU_057,2026-03-10,26.63,21.83,31.42,HistGradientBoosting
SKU_057,2026-03-17,23.48,19.25,27.71,HistGradientBoosting
SKU_057,2026-03-24,22.12,18.14,26.1,HistGradientBoosting
SKU_057,2026-03-31,21.38,17.53,25.23,HistGradientBoosting
SKU_057,2026-04-07,21.98,18.02,25.94,HistGradientBoosting
SKU_057,2026-04-14,21.86,17.93,25.8,HistGradientBoosting
SKU_057,2026-04-21,21.93,17.98,25.88,HistGradientBoosting
SKU_058,2026-03-03,45.79,37.55,54.03,HistGradientBoosting
SKU_058,2026-03-10,41.41,33.96,48.87,HistGradientBoosting
SKU_058,2026-03-17,38.95,31.94,45.96,HistGradientBoosting
SKU_058,2026-03-24,38.95,31.94,45.96,HistGradientBoosting
SKU_058,2026-03-31,39.7,32.56,46.85,HistGradientBoosting
SKU_058,2026-04-07,38.88,31.88,45.88,HistGradientBoosting
SKU_058,2026-04-14,39.41,32.31,46.5,HistGradientBoosting
SKU_058,2026-04-21,39.31,32.24,46.39,HistGradientBoosting
SKU_059,2026-03-03,34.39,28.2,40.58,HistGradientBoosting
SKU_059,2026-03-10,30.84,25.29,36.39,HistGradientBoosting
SKU_059,2026-03-17,28.68,23.52,33.85,HistGradientBoosting
SKU_059,2026-03-24,29.05,23.82,34.28,HistGradientBoosting
SKU_059,2026-03-31,28.87,23.67,34.07,HistGradientBoosting
SKU_059,2026-04-07,29.15,23.9,34.4,HistGradientBoosting
SKU_059,2026-04-14,28.15,23.08,33.22,HistGradientBoosting
SKU_059,2026-04-21,29.5,24.19,34.81,HistGradientBoosting
SKU_060,2026-03-03,64.43,52.84,76.03,HistGradientBoosting
SKU_060,2026-03-10,59.89,49.11,70.67,HistGradientBoosting
SKU_060,2026-03-17,60.39,49.52,71.26,HistGradientBoosting
SKU_060,2026-03-24,60.26,49.41,71.1,HistGradientBoosting
SKU_060,2026-03-31,62.69,51.41,73.98,HistGradientBoosting
SKU_060,2026-04-07,65.8,53.95,77.64,HistGradientBoosting
SKU_060,2026-04-14,58.05,47.6,68.5,HistGradientBoosting
SKU_060,2026-04-21,54.91,45.03,64.79,HistGradientBoosting
SKU_061,2026-03-03,88.55,72.61,104.49,HistGradientBoosting
SKU_061,2026-03-10,80.42,65.95,94.9,HistGradientBoosting
SKU_061,2026-03-17,80.5,66.01,94.99,HistGradientBoosting
SKU_061,2026-03-24,81.8,67.08,96.53,HistGradientBoosting
SKU_061,2026-03-31,81.8,67.08,96.53,HistGradientBoosting
SKU_061,2026-04-07,84.39,69.2,99.58,HistGradientBoosting
SKU_061,2026-04-14,82.7,67.82,97.59,HistGradientBoosting
SKU_061,2026-04-21,77.12,63.24,91.01,HistGradientBoosting
SKU_062,2026-03-03,17.81,14.6,21.01,HistGradientBoosting
SKU_062,2026-03-10,17.46,14.32,20.61,HistGradientBoosting
SKU_062,2026-03-17,16.81,13.78,19.83,HistGradientBoosting
SKU_062,2026-03-24,16.9,13.86,19.94,HistGradientBoosting
SKU_062,2026-03-31,16.91,13.87,19.96,HistGradientBoosting
SKU_062,2026-04-07,17.04,13.97,20.1,HistGradientBoosting
SKU_062,2026-04-14,16.3,13.36,19.23,HistGradientBoosting
SKU_062,2026-04-21,15.16,12.43,17.89,HistGradientBoosting
SKU_063,2026-03-03,12.52,10.27,14.78,HistGradientBoosting
SKU_063,2026-03-10,12.63,10.36,14.91,HistGradientBoosting
SKU_063,2026-03-17,12.48,10.23,14.73,HistGradientBoosting
SKU_063,2026-03-24,13.03,10.68,15.38,HistGradientBoosting
SKU_063,2026-03-31,12.98,10.64,15.32,HistGradientBoosting
SKU_063,2026-04-07,12.86,10.54,15.17,HistGradientBoosting
SKU_063,2026-04-14,12.75,10.45,15.04,HistGradientBoosting
SKU_063,2026-04-21,12.47,10.22,14.71,HistGradientBoosting
SKU_064,2026-03-03,30.29,24.84,35.75,HistGradientBoosting
SKU_064,2026-03-10,26.71,21.9,31.52,HistGradientBoosting
SKU_064,2026-03-17,25.39,20.82,29.96,HistGradientBoosting
SKU_064,2026-03-24,25.15,20.62,29.68,HistGradientBoosting
SKU_064,2026-03-31,25.26,20.71,29.8,HistGradientBoosting
SKU_064,2026-04-07,24.16,19.81,28.51,HistGradientBoosting
SKU_064,2026-04-14,23.52,19.29,27.76,HistGradientBoosting
SKU_064,2026-04-21,22.05,18.08,26.01,HistGradientBoosting
SKU_065,2026-03-03,73.18,60.01,86.35,HistGradientBoosting
SKU_065,2026-03-10,65.88,54.03,77.74,HistGradientBoosting
SKU_065,2026-03-17,70.2,57.57,82.84,HistGradientBoosting
SKU_065,2026-03-24,67.81,55.6,80.01,HistGradientBoosting
SKU_065,2026-03-31,67.56,55.4,79.72,HistGradientBoosting
SKU_065,2026-04-07,67.23,55.13,79.33,HistGradientBoosting
SKU_065,2026-04-14,64.31,52.74,75.89,HistGradientBoosting
SKU_065,2026-04-21,61.8,50.68,72.92,HistGradientBoosting
SKU_066,2026-03-03,60.12,49.3,70.94,HistGradientBoosting
SKU_066,2026-03-10,55.63,45.61,65.64,HistGradientBoosting
SKU_066,2026-03-17,52.88,43.36,62.4,HistGradientBoosting
SKU_066,2026-03-24,52.84,43.33,62.35,HistGradientBoosting
SKU_066,2026-03-31,53.13,43.57,62.7,HistGradientBoosting
SKU_066,2026-04-07,54.46,44.65,64.26,HistGradientBoosting
SKU_066,2026-04-14,53.4,43.79,63.02,HistGradientBoosting
SKU_066,2026-04-21,52.87,43.36,62.39,HistGradientBoosting
SKU_067,2026-03-03,15.12,12.4,17.84,HistGradientBoosting
SKU_067,2026-03-10,14.67,12.03,17.31,HistGradientBoosting
SKU_067,2026-03-17,12.88,10.56,15.19,HistGradientBoosting
SKU_067,2026-03-24,12.4,10.17,14.63,HistGradientBoosting
SKU_067,2026-03-31,12.76,10.47,15.06,HistGradientBoosting
SKU_067,2026-04-07,11.96,9.81,14.11,HistGradientBoosting
SKU_067,2026-04-14,11.54,9.46,13.61,HistGradientBoosting
SKU_067,2026-04-21,9.5,7.79,11.21,HistGradientBoosting
SKU_068,2026-03-03,86.36,70.81,101.9,HistGradientBoosting
SKU_068,2026-03-10,76.28,62.55,90.01,HistGradientBoosting
SKU_068,2026-03-17,74.59,61.16,88.01,HistGradientBoosting
SKU_068,2026-03-24,72.04,59.07,85.0,HistGradientBoosting
SKU_068,2026-03-31,73.16,59.99,86.33,HistGradientBoosting
SKU_068,2026-04-07,69.93,57.34,82.52,HistGradientBoosting
SKU_068,2026-04-14,69.45,56.95,81.95,HistGradientBoosting
SKU_068,2026-04-21,68.81,56.43,81.2,HistGradientBoosting
SKU_069,2026-03-03,83.94,68.83,99.05,HistGradientBoosting
SKU_069,2026-03-10,71.75,58.83,84.66,HistGradientBoosting
SKU_069,2026-03-17,68.08,55.83,80.34,HistGradientBoosting
SKU_069,2026-03-24,68.24,55.96,80.52,HistGradientBoosting
SKU_069,2026-03-31,66.45,54.49,78.41,HistGradientBoosting
SKU_069,2026-04-07,65.43,53.65,77.2,HistGradientBoosting
SKU_069,2026-04-14,66.53,54.56,78.51,HistGradientBoosting
SKU_069,2026-04-21,64.51,52.9,76.12,HistGradientBoosting
SKU_070,2026-03-03,7.2,5.91,8.5,HistGradientBoosting
SKU_070,2026-03-10,6.25,5.12,7.37,HistGradientBoosting
SKU_070,2026-03-17,5.61,4.6,6.61,HistGradientBoosting
SKU_070,2026-03-24,4.91,4.02,5.79,HistGradientBoosting
SKU_070,2026-03-31,4.95,4.06,5.84,HistGradientBoosting
SKU_070,2026-04-07,6.37,5.22,7.52,HistGradientBoosting
SKU_070,2026-04-14,6.34,5.2,7.48,HistGradientBoosting
SKU_070,2026-04-21,6.68,5.47,7.88,HistGradientBoosting
SKU_071,2026-03-03,65.92,54.05,77.78,HistGradientBoosting
SKU_071,2026-03-10,62.24,51.04,73.44,HistGradientBoosting
SKU_071,2026-03-17,55.91,45.85,65.97,HistGradientBoosting
SKU_071,2026-03-24,54.9,45.02,64.79,HistGradientBoosting
SKU_071,2026-03-31,57.32,47.0,67.64,HistGradientBoosting
SKU_071,2026-04-07,60.7,49.78,71.63,HistGradientBoosting
SKU_071,2026-04-14,56.81,46.58,67.03,HistGradientBoosting
SKU_071,2026-04-21,57.42,47.08,67.75,HistGradientBoosting
SKU_072,2026-03-03,80.81,66.26,95.35,HistGradientBoosting
SKU_072,2026-03-10,74.09,60.76,87.43,HistGradientBoosting
SKU_072,2026-03-17,71.93,58.98,84.88,HistGradientBoosting
SKU_072,2026-03-24,70.13,57.51,82.76,HistGradientBoosting
SKU_072,2026-03-31,71.03,58.25,83.82,HistGradientBoosting
SKU_072,2026-04-07,68.14,55.88,80.41,HistGradientBoosting
SKU_072,2026-04-14,68.95,56.54,81.37,HistGradientBoosting
SKU_072,2026-04-21,65.47,53.68,77.25,HistGradientBoosting
SKU_073,2026-03-03,34.87,28.59,41.15,HistGradientBoosting
SKU_073,2026-03-10,32.38,26.55,38.21,HistGradientBoosting
SKU_073,2026-03-17,31.95,26.2,37.7,HistGradientBoosting
SKU_073,2026-03-24,31.29,25.66,36.92,HistGradientBoosting
SKU_073,2026-03-31,32.04,26.28,37.81,HistGradientBoosting
SKU_073,2026-04-07,32.68,26.8,38.57,HistGradientBoosting
SKU_073,2026-04-14,32.28,26.47,38.09,HistGradientBoosting
SKU_073,2026-04-21,31.97,26.21,37.72,HistGradientBoosting
SKU_074,2026-03-03,13.29,10.89,15.68,HistGradientBoosting
SKU_074,2026-03-10,12.15,9.97,14.34,HistGradientBoosting
SKU_074,2026-03-17,12.46,10.22,14.7,HistGradientBoosting
SKU_074,2026-03-24,12.71,10.42,15.0,HistGradientBoosting
SKU_074,2026-03-31,12.32,10.1,14.54,HistGradientBoosting
SKU_074,2026-04-07,12.7,10.41,14.98,HistGradientBoosting
SKU_074,2026-04-14,12.15,9.96,14.34,HistGradientBoosting
SKU_074,2026-04-21,10.36,8.5,12.23,HistGradientBoosting
SKU_075,2026-03-03,10.13,8.31,11.96,HistGradientBoosting
SKU_075,2026-03-10,9.71,7.96,11.46,HistGradientBoosting
SKU_075,2026-03-17,9.02,7.4,10.64,HistGradientBoosting
SKU_075,2026-03-24,7.68,6.3,9.07,HistGradientBoosting
SKU_075,2026-03-31,9.67,7.93,11.42,HistGradientBoosting
SKU_075,2026-04-07,9.61,7.88,11.34,HistGradientBoosting
SKU_075,2026-04-14,8.99,7.37,10.61,HistGradientBoosting
SKU_075,2026-04-21,9.67,7.93,11.41,HistGradientBoosting
SKU_076,2026-03-03,13.64,11.19,16.1,HistGradientBoosting
SKU_076,2026-03-10,12.63,10.36,14.91,HistGradientBoosting
SKU_076,2026-03-17,12.36,10.13,14.58,HistGradientBoosting
SKU_076,2026-03-24,12.92,10.6,15.25,HistGradientBoosting
SKU_076,2026-03-31,12.75,10.46,15.05,HistGradientBoosting
SKU_076,2026-04-07,12.53,10.28,14.79,HistGradientBoosting
SKU_076,2026-04-14,12.92,10.59,15.25,HistGradientBoosting
SKU_076,2026-04-21,12.58,10.31,14.84,HistGradientBoosting
SKU_077,2026-03-03,88.67,72.71,104.63,HistGradientBoosting
SKU_077,2026-03-10,78.81,64.63,93.0,HistGradientBoosting
SKU_077,2026-03-17,77.29,63.38,91.2,HistGradientBoosting
SKU_077,2026-03-24,74.89,61.41,88.37,HistGradientBoosting
SKU_077,2026-03-31,73.6,60.35,86.84,HistGradientBoosting
SKU_077,2026-04-07,70.82,58.07,83.56,HistGradientBoosting
SKU_077,2026-04-14,70.7,57.97,83.42,HistGradientBoosting
SKU_077,2026-04-21,68.61,56.26,80.96,HistGradientBoosting
SKU_078,2026-03-03,88.51,72.57,104.44,HistGradientBoosting
SKU_078,2026-03-10,78.62,64.47,92.77,HistGradientBoosting
SKU_078,2026-03-17,76.84,63.01,90.67,HistGradientBoosting
SKU_078,2026-03-24,76.0,62.32,89.68,HistGradientBoosting
SKU_078,2026-03-31,79.16,64.92,93.41,HistGradientBoosting
SKU_078,2026-04-07,75.17,61.64,88.7,HistGradientBoosting
SKU_078,2026-04-14,74.4,61.01,87.8,HistGradientBoosting
SKU_078,2026-04-21,70.66,57.94,83.38,HistGradientBoosting
SKU_079,2026-03-03,17.73,14.54,20.92,HistGradientBoosting
SKU_079,2026-03-10,16.58,13.59,19.56,HistGradientBoosting
SKU_079,2026-03-17,14.94,12.25,17.63,HistGradientBoosting
SKU_079,2026-03-24,14.62,11.99,17.25,HistGradientBoosting
SKU_079,2026-03-31,15.14,12.41,17.86,HistGradientBoosting
SKU_079,2026-04-07,14.33,11.75,16.91,HistGradientBoosting
SKU_079,2026-04-14,12.55,10.29,14.8,HistGradientBoosting
SKU_079,2026-04-21,12.98,10.64,15.32,HistGradientBoosting
SKU_080,2026-03-03,27.4,22.47,32.33,HistGradientBoosting
SKU_080,2026-03-10,25.7,21.07,30.32,HistGradientBoosting
SKU_080,2026-03-17,23.93,19.62,28.24,HistGradientBoosting
SKU_080,2026-03-24,23.95,19.64,28.26,HistGradientBoosting
SKU_080,2026-03-31,24.48,20.07,28.89,HistGradientBoosting
SKU_080,2026-04-07,24.16,19.81,28.51,HistGradientBoosting
SKU_080,2026-04-14,21.5,17.63,25.37,HistGradientBoosting
SKU_080,2026-04-21,21.44,17.58,25.3,HistGradientBoosting
SKU_081,2026-03-03,20.12,16.5,23.75,HistGradientBoosting
SKU_081,2026-03-10,19.46,15.96,22.96,HistGradientBoosting
SKU_081,2026-03-17,16.89,13.85,19.93,HistGradientBoosting
SKU_081,2026-03-24,16.87,13.84,19.91,HistGradientBoosting
SKU_081,2026-03-31,17.04,13.98,20.11,HistGradientBoosting
SKU_081,2026-04-07,17.08,14.0,20.15,HistGradientBoosting
SKU_081,2026-04-14,17.04,13.98,20.11,HistGradientBoosting
SKU_081,2026-04-21,17.58,14.42,20.75,HistGradientBoosting
SKU_082,2026-03-03,20.76,17.03,24.5,HistGradientBoosting
SKU_082,2026-03-10,19.94,16.35,23.53,HistGradientBoosting
SKU_082,2026-03-17,19.17,15.72,22.62,HistGradientBoosting
SKU_082,2026-03-24,19.17,15.72,22.62,HistGradientBoosting
SKU_082,2026-03-31,19.3,15.83,22.78,HistGradientBoosting
SKU_082,2026-04-07,19.37,15.88,22.85,HistGradientBoosting
SKU_082,2026-04-14,18.59,15.25,21.94,HistGradientBoosting
SKU_082,2026-04-21,17.79,14.59,20.99,HistGradientBoosting
SKU_083,2026-03-03,84.34,69.15,99.52,HistGradientBoosting
SKU_083,2026-03-10,71.27,58.44,84.1,HistGradientBoosting
SKU_083,2026-03-17,68.62,56.27,80.97,HistGradientBoosting
SKU_083,2026-03-24,70.33,57.67,82.99,HistGradientBoosting
SKU_083,2026-03-31,70.83,58.08,83.58,HistGradientBoosting
SKU_083,2026-04-07,70.72,57.99,83.45,HistGradientBoosting
SKU_083,2026-04-14,70.32,57.66,82.97,HistGradientBoosting
SKU_083,2026-04-21,69.17,56.72,81.62,HistGradientBoosting
SKU_084,2026-03-03,35.71,29.28,42.14,HistGradientBoosting
SKU_084,2026-03-10,33.65,27.59,39.71,HistGradientBoosting
SKU_084,2026-03-17,32.21,26.41,38.01,HistGradientBoosting
SKU_084,2026-03-24,32.23,26.43,38.03,HistGradientBoosting
SKU_084,2026-03-31,32.63,26.76,38.5,HistGradientBoosting
SKU_084,2026-04-07,32.37,26.54,38.19,HistGradientBoosting
SKU_084,2026-04-14,31.76,26.04,37.48,HistGradientBoosting
SKU_084,2026-04-21,30.67,25.15,36.19,HistGradientBoosting
SKU_085,2026-03-03,35.6,29.19,42.01,HistGradientBoosting
SKU_085,2026-03-10,33.07,27.12,39.02,HistGradientBoosting
SKU_085,2026-03-17,31.85,26.12,37.59,HistGradientBoosting
SKU_085,2026-03-24,31.87,26.13,37.6,HistGradientBoosting
SKU_085,2026-03-31,32.62,26.75,38.49,HistGradientBoosting
SKU_085,2026-04-07,32.38,26.56,38.21,HistGradientBoosting
SKU_085,2026-04-14,29.31,24.03,34.58,HistGradientBoosting
SKU_085,2026-04-21,29.21,23.95,34.46,HistGradientBoosting
SKU_086,2026-03-03,24.02,19.69,28.34,HistGradientBoosting
SKU_086,2026-03-10,24.39,20.0,28.78,HistGradientBoosting
SKU_086,2026-03-17,23.78,19.5,28.06,HistGradientBoosting
SKU_086,2026-03-24,22.86,18.74,26.97,HistGradientBoosting
SKU_086,2026-03-31,21.96,18.01,25.91,HistGradientBoosting
SKU_086,2026-04-07,21.79,17.87,25.72,HistGradientBoosting
SKU_086,2026-04-14,22.14,18.16,26.13,HistGradientBoosting
SKU_086,2026-04-21,21.57,17.69,25.46,HistGradientBoosting
SKU_087,2026-03-03,61.19,50.17,72.2,HistGradientBoosting
SKU_087,2026-03-10,53.87,44.17,63.57,HistGradientBoosting
SKU_087,2026-03-17,51.85,42.51,61.18,HistGradientBoosting
SKU_087,2026-03-24,49.96,40.97,58.95,HistGradientBoosting
SKU_087,2026-03-31,53.25,43.67,62.84,HistGradientBoosting
SKU_087,2026-04-07,55.45,45.47,65.43,HistGradientBoosting
SKU_087,2026-04-14,54.43,44.64,64.23,HistGradientBoosting
SKU_087,2026-04-21,54.0,44.28,63.72,HistGradientBoosting
SKU_088,2026-03-03,38.22,31.34,45.1,HistGradientBoosting
SKU_088,2026-03-10,35.68,29.25,42.1,HistGradientBoosting
SKU_088,2026-03-17,37.06,30.39,43.73,HistGradientBoosting
SKU_088,2026-03-24,34.42,28.22,40.61,HistGradientBoosting
SKU_088,2026-03-31,34.23,28.07,40.4,HistGradientBoosting
SKU_088,2026-04-07,34.16,28.01,40.31,HistGradientBoosting
SKU_088,2026-04-14,37.04,30.37,43.71,HistGradientBoosting
SKU_088,2026-04-21,34.5,28.29,40.71,HistGradientBoosting
SKU_089,2026-03-03,76.42,62.66,90.17,HistGradientBoosting
SKU_089,2026-03-10,67.93,55.7,80.16,HistGradientBoosting
SKU_089,2026-03-17,68.88,56.48,81.28,HistGradientBoosting
SKU_089,2026-03-24,65.87,54.01,77.72,HistGradientBoosting
SKU_089,2026-03-31,65.94,54.07,77.81,HistGradientBoosting
SKU_089,2026-04-07,64.97,53.28,76.67,HistGradientBoosting
SKU_089,2026-04-14,63.81,52.33,75.3,HistGradientBoosting
SKU_089,2026-04-21,61.79,50.67,72.91,HistGradientBoosting
SKU_090,2026-03-03,25.5,20.91,30.09,HistGradientBoosting
SKU_090,2026-03-10,24.08,19.74,28.41,HistGradientBoosting
SKU_090,2026-03-17,21.28,17.45,25.12,HistGradientBoosting
SKU_090,2026-03-24,21.61,17.72,25.5,HistGradientBoosting
SKU_090,2026-03-31,21.83,17.9,25.76,HistGradientBoosting
SKU_090,2026-04-07,21.86,17.92,25.79,HistGradientBoosting
SKU_090,2026-04-14,21.36,17.51,25.2,HistGradientBoosting
SKU_090,2026-04-21,21.5,17.63,25.36,HistGradientBoosting
SKU_091,2026-03-03,83.63,68.57,98.68,HistGradientBoosting
SKU_091,2026-03-10,77.28,63.37,91.19,HistGradientBoosting
SKU_091,2026-03-17,68.62,56.26,80.97,HistGradientBoosting
SKU_091,2026-03-24,69.79,57.23,82.35,HistGradientBoosting
SKU_091,2026-03-31,69.94,57.35,82.53,HistGradientBoosting
SKU_091,2026-04-07,68.87,56.47,81.26,HistGradientBoosting
SKU_091,2026-04-14,69.24,56.78,81.7,HistGradientBoosting
SKU_091,2026-04-21,64.94,53.25,76.62,HistGradientBoosting
SKU_092,2026-03-03,60.36,49.5,71.23,HistGradientBoosting
SKU_092,2026-03-10,55.32,45.36,65.27,HistGradientBoosting
SKU_092,2026-03-17,50.95,41.78,60.12,HistGradientBoosting
SKU_092,2026-03-24,50.61,41.5,59.72,HistGradientBoosting
SKU_092,2026-03-31,52.6,43.13,62.07,HistGradientBoosting
SKU_092,2026-04-07,51.12,41.92,60.32,HistGradientBoosting
SKU_092,2026-04-14,49.54,40.62,58.45,HistGradientBoosting
SKU_092,2026-04-21,47.88,39.27,56.5,HistGradientBoosting
SKU_093,2026-03-03,14.79,12.12,17.45,HistGradientBoosting
SKU_093,2026-03-10,14.17,11.62,16.72,HistGradientBoosting
SKU_093,2026-03-17,12.67,10.39,14.95,HistGradientBoosting
SKU_093,2026-03-24,13.97,11.46,16.49,HistGradientBoosting
SKU_093,2026-03-31,12.76,10.46,15.06,HistGradientBoosting
SKU_093,2026-04-07,14.31,11.74,16.89,HistGradientBoosting
SKU_093,2026-04-14,12.78,10.48,15.08,HistGradientBoosting
SKU_093,2026-04-21,13.09,10.73,15.44,HistGradientBoosting
SKU_094,2026-03-03,42.6,34.93,50.26,HistGradientBoosting
SKU_094,2026-03-10,39.35,32.27,46.43,HistGradientBoosting
SKU_094,2026-03-17,38.21,31.33,45.08,HistGradientBoosting
SKU_094,2026-03-24,38.56,31.62,45.5,HistGradientBoosting
SKU_094,2026-03-31,38.21,31.33,45.09,HistGradientBoosting
SKU_094,2026-04-07,36.74,30.13,43.35,HistGradientBoosting
SKU_094,2026-04-14,36.25,29.72,42.77,HistGradientBoosting
SKU_094,2026-04-21,35.7,29.27,42.13,HistGradientBoosting
SKU_095,2026-03-03,83.85,68.76,98.95,HistGradientBoosting
SKU_095,2026-03-10,77.87,63.85,91.88,HistGradientBoosting
SKU_095,2026-03-17,78.99,64.77,93.21,HistGradientBoosting
SKU_095,2026-03-24,71.4,58.55,84.26,HistGradientBoosting
SKU_095,2026-03-31,72.09,59.11,85.06,HistGradientBoosting
SKU_095,2026-04-07,71.68,58.78,84.58,HistGradientBoosting
SKU_095,2026-04-14,70.1,57.48,82.72,HistGradientBoosting
SKU_095,2026-04-21,68.92,56.52,81.33,HistGradientBoosting
SKU_096,2026-03-03,89.05,73.02,105.08,HistGradientBoosting
SKU_096,2026-03-10,76.06,62.37,89.75,HistGradientBoosting
SKU_096,2026-03-17,80.19,65.75,94.62,HistGradientBoosting
SKU_096,2026-03-24,78.61,64.46,92.76,HistGradientBoosting
SKU_096,2026-03-31,77.63,63.65,91.6,HistGradientBoosting
SKU_096,2026-04-07,76.94,63.09,90.79,HistGradientBoosting
SKU_096,2026-04-14,75.44,61.86,89.02,HistGradientBoosting
SKU_096,2026-04-21,72.5,59.45,85.55,HistGradientBoosting
SKU_097,2026-03-03,47.02,38.56,55.49,HistGradientBoosting
SKU_097,2026-03-10,45.6,37.39,53.8,HistGradientBoosting
SKU_097,2026-03-17,42.12,34.54,49.7,HistGradientBoosting
SKU_097,2026-03-24,41.88,34.34,49.41,HistGradientBoosting
SKU_097,2026-03-31,42.5,34.85,50.14,HistGradientBoosting
SKU_097,2026-04-07,42.84,35.13,50.55,HistGradientBoosting
SKU_097,2026-04-14,39.47,32.36,46.57,HistGradientBoosting
SKU_097,2026-04-21,40.45,33.17,47.73,HistGradientBoosting
SKU_098,2026-03-03,50.51,41.42,59.6,HistGradientBoosting
SKU_098,2026-03-10,45.06,36.95,53.17,HistGradientBoosting
SKU_098,2026-03-17,42.39,34.76,50.02,HistGradientBoosting
SKU_098,2026-03-24,42.6,34.93,50.27,HistGradientBoosting
SKU_098,2026-03-31,44.1,36.16,52.03,HistGradientBoosting
SKU_098,2026-04-07,43.45,35.63,51.27,HistGradientBoosting
SKU_098,2026-04-14,44.01,36.09,51.93,HistGradientBoosting
SKU_098,2026-04-21,41.35,33.91,48.79,HistGradientBoosting
SKU_099,2026-03-03,92.44,75.8,109.08,HistGradientBoosting
SKU_099,2026-03-10,81.56,66.88,96.24,HistGradientBoosting
SKU_099,2026-03-17,82.0,67.24,96.75,HistGradientBoosting
SKU_099,2026-03-24,80.74,66.2,95.27,HistGradientBoosting
SKU_099,2026-03-31,79.24,64.98,93.5,HistGradientBoosting
SKU_099,2026-04-07,79.48,65.17,93.78,HistGradientBoosting
SKU_099,2026-04-14,74.93,61.44,88.41,HistGradientBoosting
SKU_099,2026-04-21,73.6,60.35,86.85,HistGradientBoosting
SKU_100,2026-03-03,53.05,43.51,62.6,HistGradientBoosting
SKU_100,2026-03-10,48.47,39.74,57.19,HistGradientBoosting
SKU_100,2026-03-17,48.27,39.58,56.95,HistGradientBoosting
SKU_100,2026-03-24,48.5,39.77,57.22,HistGradientBoosting
SKU_100,2026-03-31,49.23,40.37,58.09,HistGradientBoosting
SKU_100,2026-04-07,48.55,39.81,57.29,HistGradientBoosting
SKU_100,2026-04-14,49.99,40.99,58.99,HistGradientBoosting
SKU_100,2026-04-21,49.51,40.6,58.43,HistGradientBoosting
SKU_101,2026-03-03,8.02,6.57,9.46,HistGradientBoosting
SKU_101,2026-03-10,6.58,5.4,7.77,HistGradientBoosting
SKU_101,2026-03-17,6.44,5.28,7.6,HistGradientBoosting
SKU_101,2026-03-24,5.36,4.39,6.32,HistGradientBoosting
SKU_101,2026-03-31,6.2,5.08,7.31,HistGradientBoosting
SKU_101,2026-04-07,5.12,4.2,6.04,HistGradientBoosting
SKU_101,2026-04-14,4.95,4.06,5.84,HistGradientBoosting
SKU_101,2026-04-21,6.4,5.25,7.56,HistGradientBoosting
SKU_102,2026-03-03,89.17,73.12,105.22,HistGradientBoosting
SKU_102,2026-03-10,78.96,64.75,93.17,HistGradientBoosting
SKU_102,2026-03-17,78.34,64.24,92.45,HistGradientBoosting
SKU_102,2026-03-24,79.52,65.21,93.83,HistGradientBoosting
SKU_102,2026-03-31,80.72,66.19,95.25,HistGradientBoosting
SKU_102,2026-04-07,79.26,64.99,93.52,HistGradientBoosting
SKU_102,2026-04-14,74.97,61.48,88.46,HistGradientBoosting
SKU_102,2026-04-21,74.34,60.96,87.72,HistGradientBoosting
SKU_103,2026-03-03,24.39,20.0,28.77,HistGradientBoosting
SKU_103,2026-03-10,26.2,21.49,30.92,HistGradientBoosting
SKU_103,2026-03-17,23.5,19.27,27.73,HistGradientBoosting
SKU_103,2026-03-24,24.0,19.68,28.32,HistGradientBoosting
SKU_103,2026-03-31,24.93,20.45,29.42,HistGradientBoosting
SKU_103,2026-04-07,23.66,19.4,27.91,HistGradientBoosting
SKU_103,2026-04-14,23.77,19.49,28.04,HistGradientBoosting
SKU_103,2026-04-21,21.66,17.76,25.56,HistGradientBoosting
SKU_104,2026-03-03,56.9,46.66,67.14,HistGradientBoosting
SKU_104,2026-03-10,50.59,41.49,59.7,HistGradientBoosting
SKU_104,2026-03-17,47.69,39.11,56.27,HistGradientBoosting
SKU_104,2026-03-24,47.12,38.64,55.6,HistGradientBoosting
SKU_104,2026-03-31,46.42,38.06,54.77,HistGradientBoosting
SKU_104,2026-04-07,47.19,38.69,55.68,HistGradientBoosting
SKU_104,2026-04-14,44.41,36.42,52.4,HistGradientBoosting
SKU_104,2026-04-21,45.3,37.14,53.45,HistGradientBoosting
SKU_105,2026-03-03,21.07,17.27,24.86,HistGradientBoosting
SKU_105,2026-03-10,21.07,17.27,24.86,HistGradientBoosting
SKU_105,2026-03-17,19.86,16.28,23.43,HistGradientBoosting
SKU_105,2026-03-24,19.4,15.91,22.89,HistGradientBoosting
SKU_105,2026-03-31,19.57,16.05,23.1,HistGradientBoosting
SKU_105,2026-04-07,19.31,15.84,22.79,HistGradientBoosting
SKU_105,2026-04-14,19.6,16.07,23.12,HistGradientBoosting
SKU_105,2026-04-21,18.58,15.24,21.93,HistGradientBoosting
SKU_106,2026-03-03,7.2,5.91,8.5,HistGradientBoosting
SKU_106,2026-03-10,7.2,5.91,8.5,HistGradientBoosting
SKU_106,2026-03-17,7.06,5.79,8.33,HistGradientBoosting
SKU_106,2026-03-24,6.47,5.3,7.63,HistGradientBoosting
SKU_106,2026-03-31,6.47,5.3,7.63,HistGradientBoosting
SKU_106,2026-04-07,7.06,5.79,8.33,HistGradientBoosting
SKU_106,2026-04-14,6.71,5.5,7.91,HistGradientBoosting
SKU_106,2026-04-21,6.71,5.5,7.91,HistGradientBoosting
SKU_107,2026-03-03,35.65,29.23,42.06,HistGradientBoosting
SKU_107,2026-03-10,30.46,24.97,35.94,HistGradientBoosting
SKU_107,2026-03-17,28.87,23.67,34.06,HistGradientBoosting
SKU_107,2026-03-24,28.39,23.28,33.5,HistGradientBoosting
SKU_107,2026-03-31,27.88,22.86,32.9,HistGradientBoosting
SKU_107,2026-04-07,27.75,22.75,32.74,HistGradientBoosting
SKU_107,2026-04-14,27.43,22.49,32.37,HistGradientBoosting
SKU_107,2026-04-21,27.05,22.18,31.92,HistGradientBoosting
SKU_108,2026-03-03,79.91,65.52,94.29,HistGradientBoosting
SKU_108,2026-03-10,68.41,56.1,80.73,HistGradientBoosting
SKU_108,2026-03-17,68.22,55.94,80.5,HistGradientBoosting
SKU_108,2026-03-24,67.38,55.25,79.5,HistGradientBoosting
SKU_108,2026-03-31,70.99,58.21,83.77,HistGradientBoosting
SKU_108,2026-04-07,69.82,57.25,82.39,HistGradientBoosting
SKU_108,2026-04-14,65.46,53.68,77.24,HistGradientBoosting
SKU_108,2026-04-21,65.84,53.99,77.69,HistGradientBoosting
SKU_109,2026-03-03,31.25,25.63,36.88,HistGradientBoosting
SKU_109,2026-03-10,30.01,24.61,35.42,HistGradientBoosting
SKU_109,2026-03-17,27.5,22.55,32.45,HistGradientBoosting
SKU_109,2026-03-24,27.66,22.68,32.63,HistGradientBoosting
SKU_109,2026-03-31,27.77,22.77,32.77,HistGradientBoosting
SKU_109,2026-04-07,27.44,22.5,32.38,HistGradientBoosting
SKU_109,2026-04-14,27.27,22.36,32.17,HistGradientBoosting
SKU_109,2026-04-21,27.84,22.83,32.85,HistGradientBoosting
SKU_110,2026-03-03,27.14,22.25,32.02,HistGradientBoosting
SKU_110,2026-03-10,24.68,20.24,29.12,HistGradientBoosting
SKU_110,2026-03-17,23.92,19.61,28.23,HistGradientBoosting
SKU_110,2026-03-24,22.49,18.44,26.54,HistGradientBoosting
SKU_110,2026-03-31,21.93,17.99,25.88,HistGradientBoosting
SKU_110,2026-04-07,23.89,19.59,28.19,HistGradientBoosting
SKU_110,2026-04-14,22.13,18.15,26.11,HistGradientBoosting
SKU_110,2026-04-21,20.64,16.92,24.35,HistGradientBoosting
SKU_111,2026-03-03,24.0,19.68,28.32,HistGradientBoosting
SKU_111,2026-03-10,24.2,19.84,28.55,HistGradientBoosting
SKU_111,2026-03-17,23.38,19.17,27.59,HistGradientBoosting
SKU_111,2026-03-24,21.94,17.99,25.89,HistGradientBoosting
SKU_111,2026-03-31,21.97,18.01,25.92,HistGradientBoosting
SKU_111,2026-04-07,21.44,17.58,25.29,HistGradientBoosting
SKU_111,2026-04-14,20.04,16.43,23.64,HistGradientBoosting
SKU_111,2026-04-21,20.08,16.47,23.7,HistGradientBoosting
SKU_112,2026-03-03,51.48,42.21,60.75,HistGradientBoosting
SKU_112,2026-03-10,47.26,38.75,55.77,HistGradientBoosting
SKU_112,2026-03-17,47.45,38.91,55.99,HistGradientBoosting
SKU_112,2026-03-24,47.26,38.75,55.77,HistGradientBoosting
SKU_112,2026-03-31,46.88,38.44,55.32,HistGradientBoosting
SKU_112,2026-04-07,47.21,38.71,55.71,HistGradientBoosting
SKU_112,2026-04-14,48.02,39.38,56.67,HistGradientBoosting
SKU_112,2026-04-21,45.07,36.95,53.18,HistGradientBoosting
SKU_113,2026-03-03,93.86,76.97,110.76,HistGradientBoosting
SKU_113,2026-03-10,80.97,66.4,95.55,HistGradientBoosting
SKU_113,2026-03-17,82.45,67.61,97.29,HistGradientBoosting
SKU_113,2026-03-24,83.59,68.55,98.64,HistGradientBoosting
SKU_113,2026-03-31,84.79,69.53,100.05,HistGradientBoosting
SKU_113,2026-04-07,82.99,68.06,97.93,HistGradientBoosting
SKU_113,2026-04-14,84.06,68.93,99.19,HistGradientBoosting
SKU_113,2026-04-21,79.98,65.58,94.38,HistGradientBoosting
SKU_114,2026-03-03,50.58,41.48,59.69,HistGradientBoosting
SKU_114,2026-03-10,45.05,36.94,53.16,HistGradientBoosting
SKU_114,2026-03-17,46.52,38.15,54.89,HistGradientBoosting
SKU_114,2026-03-24,42.83,35.12,50.54,HistGradientBoosting
SKU_114,2026-03-31,43.6,35.75,51.45,HistGradientBoosting
SKU_114,2026-04-07,43.05,35.3,50.8,HistGradientBoosting
SKU_114,2026-04-14,42.85,35.14,50.56,HistGradientBoosting
SKU_114,2026-04-21,40.67,33.35,47.99,HistGradientBoosting
SKU_115,2026-03-03,58.36,47.85,68.86,HistGradientBoosting
SKU_115,2026-03-10,54.15,44.4,63.89,HistGradientBoosting
SKU_115,2026-03-17,54.59,44.76,64.41,HistGradientBoosting
SKU_115,2026-03-24,50.52,41.43,59.62,HistGradientBoosting
SKU_115,2026-03-31,52.01,42.65,61.37,HistGradientBoosting
SKU_115,2026-04-07,51.38,42.14,60.63,HistGradientBoosting
SKU_115,2026-04-14,49.6,40.67,58.53,HistGradientBoosting
SKU_115,2026-04-21,48.01,39.37,56.65,HistGradientBoosting
SKU_116,2026-03-03,84.1,68.96,99.24,HistGradientBoosting
SKU_116,2026-03-10,76.35,62.61,90.09,HistGradientBoosting
SKU_116,2026-03-17,76.76,62.94,90.57,HistGradientBoosting
SKU_116,2026-03-24,74.77,61.31,88.22,HistGradientBoosting
SKU_116,2026-03-31,74.65,61.21,88.09,HistGradientBoosting
SKU_116,2026-04-07,75.05,61.55,88.56,HistGradientBoosting
SKU_116,2026-04-14,74.43,61.03,87.82,HistGradientBoosting
SKU_116,2026-04-21,73.13,59.97,86.3,HistGradientBoosting
SKU_117,2026-03-03,55.47,45.49,65.46,HistGradientBoosting
SKU_117,2026-03-10,47.76,39.16,56.36,HistGradientBoosting
SKU_117,2026-03-17,46.51,38.14,54.89,HistGradientBoosting
SKU_117,2026-03-24,47.56,39.0,56.12,HistGradientBoosting
SKU_117,2026-03-31,49.22,40.36,58.08,HistGradientBoosting
SKU_117,2026-04-07,49.25,40.38,58.11,HistGradientBoosting
SKU_117,2026-04-14,48.01,39.36,56.65,HistGradientBoosting
SKU_117,2026-04-21,45.1,36.98,53.22,HistGradientBoosting
SKU_118,2026-03-03,23.14,18.97,27.3,HistGradientBoosting
SKU_118,2026-03-10,21.17,17.36,24.98,HistGradientBoosting
SKU_118,2026-03-17,19.35,15.87,22.84,HistGradientBoosting
SKU_118,2026-03-24,19.68,16.14,23.22,HistGradientBoosting
SKU_118,2026-03-31,19.32,15.84,22.79,HistGradientBoosting
SKU_118,2026-04-07,19.29,15.82,22.76,HistGradientBoosting
SKU_118,2026-04-14,19.81,16.25,23.38,HistGradientBoosting
SKU_118,2026-04-21,19.35,15.86,22.83,HistGradientBoosting
SKU_119,2026-03-03,27.87,22.86,32.89,HistGradientBoosting
SKU_119,2026-03-10,27.01,22.15,31.87,HistGradientBoosting
SKU_119,2026-03-17,26.52,21.74,31.29,HistGradientBoosting
SKU_119,2026-03-24,27.53,22.57,32.48,HistGradientBoosting
SKU_119,2026-03-31,26.78,21.96,31.6,HistGradientBoosting
SKU_119,2026-04-07,26.83,22.0,31.66,HistGradientBoosting
SKU_119,2026-04-14,27.49,22.54,32.44,HistGradientBoosting
SKU_119,2026-04-21,25.53,20.93,30.12,HistGradientBoosting
SKU_120,2026-03-03,31.99,26.23,37.74,HistGradientBoosting
SKU_120,2026-03-10,31.1,25.5,36.69,HistGradientBoosting
SKU_120,2026-03-17,31.06,25.47,36.65,HistGradientBoosting
SKU_120,2026-03-24,28.74,23.56,33.91,HistGradientBoosting
SKU_120,2026-03-31,30.23,24.79,35.67,HistGradientBoosting
SKU_120,2026-04-07,28.76,23.59,33.94,HistGradientBoosting
SKU_120,2026-04-14,27.77,22.78,32.77,HistGradientBoosting
SKU_120,2026-04-21,28.23,23.15,33.31,HistGradientBoosting
SKU_121,2026-03-03,41.65,34.15,49.14,HistGradientBoosting
SKU_121,2026-03-10,37.1,30.43,43.78,HistGradientBoosting
SKU_121,2026-03-17,37.2,30.5,43.89,HistGradientBoosting
SKU_121,2026-03-24,36.06,29.57,42.55,HistGradientBoosting
SKU_121,2026-03-31,36.03,29.54,42.51,HistGradientBoosting
SKU_121,2026-04-07,36.68,30.08,43.28,HistGradientBoosting
SKU_121,2026-04-14,35.35,28.98,41.71,HistGradientBoosting
SKU_121,2026-04-21,34.11,27.97,40.25,HistGradientBoosting
SKU_122,2026-03-03,46.11,37.81,54.41,HistGradientBoosting
SKU_122,2026-03-10,43.56,35.72,51.4,HistGradientBoosting
SKU_122,2026-03-17,42.7,35.01,50.38,HistGradientBoosting
SKU_122,2026-03-24,42.8,35.09,50.5,HistGradientBoosting
SKU_122,2026-03-31,42.74,35.04,50.43,HistGradientBoosting
SKU_122,2026-04-07,39.85,32.68,47.02,HistGradientBoosting
SKU_122,2026-04-14,39.5,32.39,46.61,HistGradientBoosting
SKU_122,2026-04-21,37.43,30.69,44.17,HistGradientBoosting
SKU_123,2026-03-03,74.39,61.0,87.78,HistGradientBoosting
SKU_123,2026-03-10,65.17,53.44,76.9,HistGradientBoosting
SKU_123,2026-03-17,67.65,55.47,79.82,HistGradientBoosting
SKU_123,2026-03-24,66.03,54.15,77.92,HistGradientBoosting
SKU_123,2026-03-31,66.07,54.18,77.97,HistGradientBoosting
SKU_123,2026-04-07,65.09,53.37,76.8,HistGradientBoosting
SKU_123,2026-04-14,66.01,54.13,77.9,HistGradientBoosting
SKU_123,2026-04-21,63.71,52.25,75.18,HistGradientBoosting
SKU_124,2026-03-03,34.48,28.27,40.68,HistGradientBoosting
SKU_124,2026-03-10,33.35,27.35,39.35,HistGradientBoosting
SKU_124,2026-03-17,32.31,26.49,38.12,HistGradientBoosting
SKU_124,2026-03-24,32.69,26.8,38.57,HistGradientBoosting
SKU_124,2026-03-31,34.33,28.15,40.51,HistGradientBoosting
SKU_124,2026-04-07,32.81,26.9,38.71,HistGradientBoosting
SKU_124,2026-04-14,33.02,27.08,38.96,HistGradientBoosting
SKU_124,2026-04-21,32.18,26.39,37.97,HistGradientBoosting
SKU_125,2026-03-03,46.49,38.12,54.86,HistGradientBoosting
SKU_125,2026-03-10,43.63,35.78,51.48,HistGradientBoosting
SKU_125,2026-03-17,42.33,34.71,49.95,HistGradientBoosting
SKU_125,2026-03-24,42.53,34.87,50.19,HistGradientBoosting
SKU_125,2026-03-31,40.34,33.08,47.6,HistGradientBoosting
SKU_125,2026-04-07,40.19,32.96,47.43,HistGradientBoosting
SKU_125,2026-04-14,39.5,32.39,46.61,HistGradientBoosting
SKU_125,2026-04-21,38.91,31.9,45.91,HistGradientBoosting
SKU_126,2026-03-03,57.84,47.43,68.25,HistGradientBoosting
SKU_126,2026-03-10,56.08,45.99,66.18,HistGradientBoosting
SKU_126,2026-03-17,52.23,42.83,61.63,HistGradientBoosting
SKU_126,2026-03-24,53.55,43.91,63.18,HistGradientBoosting
SKU_126,2026-03-31,53.54,43.9,63.17,HistGradientBoosting
SKU_126,2026-04-07,53.14,43.58,62.71,HistGradientBoosting
SKU_126,2026-04-14,55.32,45.36,65.27,HistGradientBoosting
SKU_126,2026-04-21,56.72,46.51,66.93,HistGradientBoosting
SKU_127,2026-03-03,38.53,31.59,45.46,HistGradientBoosting
SKU_127,2026-03-10,36.07,29.58,42.56,HistGradientBoosting
SKU_127,2026-03-17,36.2,29.69,42.72,HistGradientBoosting
SKU_127,2026-03-24,34.65,28.41,40.88,HistGradientBoosting
SKU_127,2026-03-31,36.59,30.0,43.18,HistGradientBoosting
SKU_127,2026-04-07,36.17,29.66,42.68,HistGradientBoosting
SKU_127,2026-04-14,35.82,29.37,42.27,HistGradientBoosting
SKU_127,2026-04-21,37.05,30.38,43.71,HistGradientBoosting
SKU_128,2026-03-03,79.07,64.84,93.3,HistGradientBoosting
SKU_128,2026-03-10,72.01,59.05,84.98,HistGradientBoosting
SKU_128,2026-03-17,71.35,58.51,84.19,HistGradientBoosting
SKU_128,2026-03-24,70.52,57.83,83.21,HistGradientBoosting
SKU_128,2026-03-31,73.98,60.66,87.3,HistGradientBoosting
SKU_128,2026-04-07,73.77,60.49,87.05,HistGradientBoosting
SKU_128,2026-04-14,72.83,59.72,85.94,HistGradientBoosting
SKU_128,2026-04-21,69.95,57.36,82.54,HistGradientBoosting
SKU_129,2026-03-03,53.05,43.5,62.6,HistGradientBoosting
SKU_129,2026-03-10,51.59,42.3,60.87,HistGradientBoosting
SKU_129,2026-03-17,50.87,41.71,60.02,HistGradientBoosting
SKU_129,2026-03-24,51.05,41.86,60.24,HistGradientBoosting
SKU_129,2026-03-31,49.79,40.83,58.76,HistGradientBoosting
SKU_129,2026-04-07,52.51,43.06,61.96,HistGradientBoosting
SKU_129,2026-04-14,50.97,41.8,60.15,HistGradientBoosting
SKU_129,2026-04-21,49.52,40.61,58.43,HistGradientBoosting
SKU_130,2026-03-03,32.36,26.54,38.19,HistGradientBoosting
SKU_130,2026-03-10,30.84,25.29,36.39,HistGradientBoosting
SKU_130,2026-03-17,28.21,23.13,33.28,HistGradientBoosting
SKU_130,2026-03-24,28.08,23.03,33.14,HistGradientBoosting
SKU_130,2026-03-31,28.65,23.49,33.8,HistGradientBoosting
SKU_130,2026-04-07,28.36,23.26,33.47,HistGradientBoosting
SKU_130,2026-04-14,27.89,22.87,32.92,HistGradientBoosting
SKU_130,2026-04-21,27.63,22.66,32.61,HistGradientBoosting
SKU_131,2026-03-03,71.39,58.54,84.24,HistGradientBoosting
SKU_131,2026-03-10,64.73,53.08,76.38,HistGradientBoosting
SKU_131,2026-03-17,64.8,53.14,76.46,HistGradientBoosting
SKU_131,2026-03-24,65.36,53.59,77.12,HistGradientBoosting
SKU_131,2026-03-31,65.68,53.85,77.5,HistGradientBoosting
SKU_131,2026-04-07,64.98,53.28,76.67,HistGradientBoosting
SKU_131,2026-04-14,66.0,54.12,77.88,HistGradientBoosting
SKU_131,2026-04-21,64.35,52.77,75.93,HistGradientBoosting
SKU_132,2026-03-03,51.9,42.56,61.24,HistGradientBoosting
SKU_132,2026-03-10,57.7,47.31,68.09,HistGradientBoosting
SKU_132,2026-03-17,47.74,39.14,56.33,HistGradientBoosting
SKU_132,2026-03-24,46.63,38.24,55.03,HistGradientBoosting
SKU_132,2026-03-31,47.93,39.3,56.56,HistGradientBoosting
SKU_132,2026-04-07,48.2,39.52,56.88,HistGradientBoosting
SKU_132,2026-04-14,48.87,40.08,57.67,HistGradientBoosting
SKU_132,2026-04-21,48.95,40.14,57.76,HistGradientBoosting
SKU_133,2026-03-03,55.47,45.49,65.46,HistGradientBoosting
SKU_133,2026-03-10,50.3,41.25,59.36,HistGradientBoosting
SKU_133,2026-03-17,49.73,40.78,58.69,HistGradientBoosting
SKU_133,2026-03-24,47.44,38.9,55.98,HistGradientBoosting
SKU_133,2026-03-31,46.41,38.06,54.76,HistGradientBoosting
SKU_133,2026-04-07,46.72,38.31,55.13,HistGradientBoosting
SKU_133,2026-04-14,47.1,38.62,55.58,HistGradientBoosting
SKU_133,2026-04-21,44.06,36.13,51.99,HistGradientBoosting
SKU_134,2026-03-03,47.69,39.1,56.27,HistGradientBoosting
SKU_134,2026-03-10,43.03,35.28,50.77,HistGradientBoosting
SKU_134,2026-03-17,42.25,34.64,49.85,HistGradientBoosting
SKU_134,2026-03-24,40.82,33.47,48.16,HistGradientBoosting
SKU_134,2026-03-31,39.84,32.67,47.01,HistGradientBoosting
SKU_134,2026-04-07,39.86,32.69,47.04,HistGradientBoosting
SKU_134,2026-04-14,39.3,32.22,46.37,HistGradientBoosting
SKU_134,2026-04-21,38.91,31.91,45.92,HistGradientBoosting
SKU_135,2026-03-03,48.91,40.11,57.72,HistGradientBoosting
SKU_135,2026-03-10,45.87,37.61,54.13,HistGradientBoosting
SKU_135,2026-03-17,44.65,36.61,52.69,HistGradientBoosting
SKU_135,2026-03-24,42.66,34.98,50.34,HistGradientBoosting
SKU_135,2026-03-31,43.94,36.03,51.85,HistGradientBoosting
SKU_135,2026-04-07,44.34,36.36,52.32,HistGradientBoosting
SKU_135,2026-04-14,44.46,36.46,52.46,HistGradientBoosting
SKU_135,2026-04-21,41.72,34.21,49.23,HistGradientBoosting
SKU_136,2026-03-03,79.43,65.14,93.73,HistGradientBoosting
SKU_136,2026-03-10,72.19,59.2,85.18,HistGradientBoosting
SKU_136,2026-03-17,69.95,57.36,82.54,HistGradientBoosting
SKU_136,2026-03-24,69.8,57.23,82.36,HistGradientBoosting
SKU_136,2026-03-31,70.27,57.62,82.92,HistGradientBoosting
SKU_136,2026-04-07,67.44,55.3,79.58,HistGradientBoosting
SKU_136,2026-04-14,66.89,54.85,78.93,HistGradientBoosting
SKU_136,2026-04-21,64.89,53.21,76.57,HistGradientBoosting
SKU_137,2026-03-03,13.36,10.96,15.77,HistGradientBoosting
SKU_137,2026-03-10,12.37,10.14,14.6,HistGradientBoosting
SKU_137,2026-03-17,12.57,10.31,14.84,HistGradientBoosting
SKU_137,2026-03-24,11.72,9.61,13.83,HistGradientBoosting
SKU_137,2026-03-31,11.44,9.38,13.5,HistGradientBoosting
SKU_137,2026-04-07,11.37,9.33,13.42,HistGradientBoosting
SKU_137,2026-04-14,10.0,8.2,11.8,HistGradientBoosting
SKU_137,2026-04-21,10.02,8.21,11.82,HistGradientBoosting
SKU_138,2026-03-03,36.97,30.32,43.63,HistGradientBoosting
SKU_138,2026-03-10,33.13,27.17,39.1,HistGradientBoosting
SKU_138,2026-03-17,31.75,26.04,37.47,HistGradientBoosting
SKU_138,2026-03-24,30.26,24.81,35.7,HistGradientBoosting
SKU_138,2026-03-31,27.81,22.8,32.81,HistGradientBoosting
SKU_138,2026-04-07,28.55,23.41,33.69,HistGradientBoosting
SKU_138,2026-04-14,29.37,24.08,34.65,HistGradientBoosting
SKU_138,2026-04-21,28.0,22.96,33.04,HistGradientBoosting
SKU_139,2026-03-03,13.54,11.1,15.98,HistGradientBoosting
SKU_139,2026-03-10,11.91,9.77,14.05,HistGradientBoosting
SKU_139,2026-03-17,12.62,10.35,14.89,HistGradientBoosting
SKU_139,2026-03-24,12.64,10.37,14.92,HistGradientBoosting
SKU_139,2026-03-31,12.64,10.37,14.92,HistGradientBoosting
SKU_139,2026-04-07,12.1,9.92,14.27,HistGradientBoosting
SKU_139,2026-04-14,10.48,8.59,12.37,HistGradientBoosting
SKU_139,2026-04-21,10.13,8.3,11.95,HistGradientBoosting
SKU_140,2026-03-03,71.37,58.52,84.21,HistGradientBoosting
SKU_140,2026-03-10,63.3,51.91,74.7,HistGradientBoosting
SKU_140,2026-03-17,66.77,54.75,78.79,HistGradientBoosting
SKU_140,2026-03-24,66.68,54.68,78.69,HistGradientBoosting
SKU_140,2026-03-31,65.84,53.99,77.69,HistGradientBoosting
SKU_140,2026-04-07,64.2,52.65,75.76,HistGradientBoosting
SKU_140,2026-04-14,64.36,52.77,75.94,HistGradientBoosting
SKU_140,2026-04-21,62.32,51.1,73.53,HistGradientBoosting
SKU_141,2026-03-03,32.37,26.54,38.2,HistGradientBoosting
SKU_141,2026-03-10,29.87,24.49,35.25,HistGradientBoosting
SKU_141,2026-03-17,27.82,22.81,32.83,HistGradientBoosting
SKU_141,2026-03-24,28.07,23.02,33.12,HistGradientBoosting
SKU_141,2026-03-31,27.43,22.49,32.36,HistGradientBoosting
SKU_141,2026-04-07,26.74,21.92,31.55,HistGradientBoosting
SKU_141,2026-04-14,25.25,20.7,29.79,HistGradientBoosting
SKU_141,2026-04-21,25.13,20.6,29.65,HistGradientBoosting
SKU_142,2026-03-03,93.0,76.26,109.74,HistGradientBoosting
SKU_142,2026-03-10,77.1,63.22,90.98,HistGradientBoosting
SKU_142,2026-03-17,79.62,65.29,93.96,HistGradientBoosting
SKU_142,2026-03-24,78.29,64.2,92.38,HistGradientBoosting
SKU_142,2026-03-31,78.97,64.75,93.18,HistGradientBoosting
SKU_142,2026-04-07,77.74,63.75,91.73,HistGradientBoosting
SKU_142,2026-04-14,73.68,60.41,86.94,HistGradientBoosting
SKU_142,2026-04-21,73.09,59.93,86.25,HistGradientBoosting
SKU_143,2026-03-03,50.18,41.14,59.21,HistGradientBoosting
SKU_143,2026-03-10,47.78,39.18,56.38,HistGradientBoosting
SKU_143,2026-03-17,47.45,38.91,55.99,HistGradientBoosting
SKU_143,2026-03-24,47.62,39.05,56.2,HistGradientBoosting
SKU_143,2026-03-31,51.28,42.05,60.51,HistGradientBoosting
SKU_143,2026-04-07,50.59,41.49,59.7,HistGradientBoosting
SKU_143,2026-04-14,48.86,40.07,57.66,HistGradientBoosting
SKU_143,2026-04-21,47.86,39.25,56.47,HistGradientBoosting
SKU_144,2026-03-03,80.01,65.61,94.42,HistGradientBoosting
SKU_144,2026-03-10,69.17,56.72,81.62,HistGradientBoosting
SKU_144,2026-03-17,65.33,53.57,77.09,HistGradientBoosting
SKU_144,2026-03-24,65.74,53.9,77.57,HistGradientBoosting
SKU_144,2026-03-31,66.64,54.64,78.63,HistGradientBoosting
SKU_144,2026-04-07,68.0,55.76,80.24,HistGradientBoosting
SKU_144,2026-04-14,67.6,55.44,79.77,HistGradientBoosting
SKU_144,2026-04-21,66.0,54.12,77.87,HistGradientBoosting
SKU_145,2026-03-03,96.5,79.13,113.87,HistGradientBoosting
SKU_145,2026-03-10,81.31,66.68,95.95,HistGradientBoosting
SKU_145,2026-03-17,81.73,67.02,96.45,HistGradientBoosting
SKU_145,2026-03-24,80.27,65.82,94.72,HistGradientBoosting
SKU_145,2026-03-31,80.98,66.4,95.55,HistGradientBoosting
SKU_145,2026-04-07,82.41,67.57,97.24,HistGradientBoosting
SKU_145,2026-04-14,79.17,64.92,93.42,HistGradientBoosting
SKU_145,2026-04-21,77.5,63.55,91.45,HistGradientBoosting
SKU_146,2026-03-03,93.57,76.73,110.42,HistGradientBoosting
SKU_146,2026-03-10,77.87,63.85,91.89,HistGradientBoosting
SKU_146,2026-03-17,71.04,58.25,83.83,HistGradientBoosting
SKU_146,2026-03-24,72.57,59.51,85.63,HistGradientBoosting
SKU_146,2026-03-31,73.0,59.86,86.14,HistGradientBoosting
SKU_146,2026-04-07,69.11,56.67,81.55,HistGradientBoosting
SKU_146,2026-04-14,72.94,59.81,86.06,HistGradientBoosting
SKU_146,2026-04-21,72.62,59.55,85.7,HistGradientBoosting
SKU_147,2026-03-03,89.18,73.13,105.23,HistGradientBoosting
SKU_147,2026-03-10,78.24,64.16,92.33,HistGradientBoosting
SKU_147,2026-03-17,74.87,61.39,88.34,HistGradientBoosting
SKU_147,2026-03-24,73.16,59.99,86.33,HistGradientBoosting
SKU_147,2026-03-31,72.16,59.17,85.15,HistGradientBoosting
SKU_147,2026-04-07,69.37,56.88,81.85,HistGradientBoosting
SKU_147,2026-04-14,71.98,59.02,84.93,HistGradientBoosting
SKU_147,2026-04-21,73.46,60.23,86.68,HistGradientBoosting
SKU_148,2026-03-03,42.96,35.23,50.69,HistGradientBoosting
SKU_148,2026-03-10,44.39,36.4,52.38,HistGradientBoosting
SKU_148,2026-03-17,38.78,31.8,45.75,HistGradientBoosting
SKU_148,2026-03-24,38.34,31.44,45.24,HistGradientBoosting
SKU_148,2026-03-31,38.67,31.71,45.63,HistGradientBoosting
SKU_148,2026-04-07,39.04,32.01,46.06,HistGradientBoosting
SKU_148,2026-04-14,39.44,32.34,46.54,HistGradientBoosting
SKU_148,2026-04-21,40.06,32.85,47.27,HistGradientBoosting
SKU_149,2026-03-03,54.52,44.71,64.33,HistGradientBoosting
SKU_149,2026-03-10,48.67,39.91,57.43,HistGradientBoosting
SKU_149,2026-03-17,46.92,38.47,55.37,HistGradientBoosting
SKU_149,2026-03-24,48.16,39.49,56.83,HistGradientBoosting
SKU_149,2026-03-31,48.75,39.97,57.52,HistGradientBoosting
SKU_149,2026-04-07,47.29,38.78,55.8,HistGradientBoosting
SKU_149,2026-04-14,45.04,36.93,53.15,HistGradientBoosting
SKU_149,2026-04-21,44.22,36.26,52.18,HistGradientBoosting
SKU_150,2026-03-03,31.4,25.75,37.05,HistGradientBoosting
SKU_150,2026-03-10,30.36,24.89,35.82,HistGradientBoosting
SKU_150,2026-03-17,28.53,23.4,33.67,HistGradientBoosting
SKU_150,2026-03-24,27.85,22.84,32.86,HistGradientBoosting
SKU_150,2026-03-31,26.95,22.1,31.81,HistGradientBoosting
SKU_150,2026-04-07,26.81,21.98,31.64,HistGradientBoosting
SKU_150,2026-04-14,24.28,19.91,28.65,HistGradientBoosting
SKU_150,2026-04-21,24.29,19.92,28.67,HistGradientBoosting
SKU_151,2026-03-03,23.77,19.49,28.05,HistGradientBoosting
SKU_151,2026-03-10,24.18,19.83,28.53,HistGradientBoosting
SKU_151,2026-03-17,21.49,17.62,25.36,HistGradientBoosting
SKU_151,2026-03-24,20.14,16.52,23.77,HistGradientBoosting
SKU_151,2026-03-31,19.94,16.35,23.53,HistGradientBoosting
SKU_151,2026-04-07,20.24,16.6,23.89,HistGradientBoosting
SKU_151,2026-04-14,18.85,15.46,22.24,HistGradientBoosting
SKU_151,2026-04-21,17.9,14.67,21.12,HistGradientBoosting
SKU_152,2026-03-03,45.36,37.19,53.52,HistGradientBoosting
SKU_152,2026-03-10,44.14,36.19,52.08,HistGradientBoosting
SKU_152,2026-03-17,42.12,34.54,49.7,HistGradientBoosting
SKU_152,2026-03-24,42.43,34.79,50.06,HistGradientBoosting
SKU_152,2026-03-31,43.02,35.27,50.76,HistGradientBoosting
SKU_152,2026-04-07,42.55,34.89,50.21,HistGradientBoosting
SKU_152,2026-04-14,40.95,33.58,48.32,HistGradientBoosting
SKU_152,2026-04-21,39.45,32.35,46.55,HistGradientBoosting
SKU_153,2026-03-03,61.87,50.73,73.0,HistGradientBoosting
SKU_153,2026-03-10,58.81,48.22,69.39,HistGradientBoosting
SKU_153,2026-03-17,58.0,47.56,68.44,HistGradientBoosting
SKU_153,2026-03-24,58.81,48.23,69.4,HistGradientBoosting
SKU_153,2026-03-31,57.21,46.92,67.51,HistGradientBoosting
SKU_153,2026-04-07,58.29,47.8,68.78,HistGradientBoosting
SKU_153,2026-04-14,57.3,46.98,67.61,HistGradientBoosting
SKU_153,2026-04-21,55.44,45.46,65.42,HistGradientBoosting
SKU_154,2026-03-03,36.54,29.96,43.11,HistGradientBoosting
SKU_154,2026-03-10,32.89,26.97,38.81,HistGradientBoosting
SKU_154,2026-03-17,32.02,26.26,37.78,HistGradientBoosting
SKU_154,2026-03-24,31.49,25.82,37.16,HistGradientBoosting
SKU_154,2026-03-31,30.55,25.05,36.05,HistGradientBoosting
SKU_154,2026-04-07,30.32,24.86,35.77,HistGradientBoosting
SKU_154,2026-04-14,28.39,23.28,33.5,HistGradientBoosting
SKU_154,2026-04-21,27.1,22.23,31.98,HistGradientBoosting
SKU_155,2026-03-03,55.63,45.62,65.65,HistGradientBoosting
SKU_155,2026-03-10,50.94,41.77,60.11,HistGradientBoosting
SKU_155,2026-03-17,51.12,41.92,60.33,HistGradientBoosting
SKU_155,2026-03-24,50.55,41.45,59.64,HistGradientBoosting
SKU_155,2026-03-31,51.31,42.08,60.55,HistGradientBoosting
SKU_155,2026-04-07,51.42,42.16,60.67,HistGradientBoosting
SKU_155,2026-04-14,49.5,40.59,58.41,HistGradientBoosting
SKU_155,2026-04-21,48.65,39.9,57.41,HistGradientBoosting
SKU_156,2026-03-03,83.03,68.08,97.97,HistGradientBoosting
SKU_156,2026-03-10,78.56,64.42,92.7,HistGradientBoosting
SKU_156,2026-03-17,79.71,65.36,94.05,HistGradientBoosting
SKU_156,2026-03-24,78.18,64.11,92.26,HistGradientBoosting
SKU_156,2026-03-31,79.05,64.82,93.28,HistGradientBoosting
SKU_156,2026-04-07,77.48,63.53,91.42,HistGradientBoosting
SKU_156,2026-04-14,73.26,60.07,86.44,HistGradientBoosting
SKU_156,2026-04-21,70.51,57.82,83.21,HistGradientBoosting
SKU_157,2026-03-03,59.8,49.03,70.56,HistGradientBoosting
SKU_157,2026-03-10,47.65,39.07,56.22,HistGradientBoosting
SKU_157,2026-03-17,49.02,40.2,57.85,HistGradientBoosting
SKU_157,2026-03-24,47.52,38.97,56.07,HistGradientBoosting
SKU_157,2026-03-31,48.32,39.62,57.02,HistGradientBoosting
SKU_157,2026-04-07,47.17,38.68,55.66,HistGradientBoosting
SKU_157,2026-04-14,44.4,36.41,52.39,HistGradientBoosting
SKU_157,2026-04-21,44.11,36.17,52.05,HistGradientBoosting
SKU_158,2026-03-03,71.81,58.88,84.73,HistGradientBoosting
SKU_158,2026-03-10,62.11,50.93,73.29,HistGradientBoosting
SKU_158,2026-03-17,66.6,54.62,78.59,HistGradientBoosting
SKU_158,2026-03-24,65.6,53.79,77.41,HistGradientBoosting
SKU_158,2026-03-31,66.47,54.5,78.43,HistGradientBoosting
SKU_158,2026-04-07,64.3,52.72,75.87,HistGradientBoosting
SKU_158,2026-04-14,63.65,52.19,75.11,HistGradientBoosting
SKU_158,2026-04-21,63.02,51.68,74.36,HistGradientBoosting
SKU_159,2026-03-03,83.93,68.82,99.04,HistGradientBoosting
SKU_159,2026-03-10,75.27,61.72,88.81,HistGradientBoosting
SKU_159,2026-03-17,75.9,62.24,89.56,HistGradientBoosting
SKU_159,2026-03-24,75.25,61.7,88.79,HistGradientBoosting
SKU_159,2026-03-31,73.67,60.41,86.93,HistGradientBoosting
SKU_159,2026-04-07,73.49,60.27,86.72,HistGradientBoosting
SKU_159,2026-04-14,72.6,59.54,85.67,HistGradientBoosting
SKU_159,2026-04-21,69.55,57.03,82.07,HistGradientBoosting
SKU_160,2026-03-03,89.28,73.21,105.35,HistGradientBoosting
SKU_160,2026-03-10,80.45,65.97,94.93,HistGradientBoosting
SKU_160,2026-03-17,82.28,67.47,97.08,HistGradientBoosting
SKU_160,2026-03-24,83.87,68.77,98.96,HistGradientBoosting
SKU_160,2026-03-31,81.98,67.23,96.74,HistGradientBoosting
SKU_160,2026-04-07,83.49,68.46,98.52,HistGradientBoosting
SKU_160,2026-04-14,81.19,66.58,95.81,HistGradientBoosting
SKU_160,2026-04-21,79.91,65.52,94.29,HistGradientBoosting
SKU_161,2026-03-03,58.06,47.61,68.51,HistGradientBoosting
SKU_161,2026-03-10,56.19,46.08,66.3,HistGradientBoosting
SKU_161,2026-03-17,55.03,45.12,64.93,HistGradientBoosting
SKU_161,2026-03-24,53.91,44.2,63.61,HistGradientBoosting
SKU_161,2026-03-31,55.99,45.91,66.06,HistGradientBoosting
SKU_161,2026-04-07,55.55,45.55,65.55,HistGradientBoosting
SKU_161,2026-04-14,53.21,43.63,62.79,HistGradientBoosting
SKU_161,2026-04-21,51.02,41.83,60.2,HistGradientBoosting
SKU_162,2026-03-03,85.23,69.89,100.57,HistGradientBoosting
SKU_162,2026-03-10,70.42,57.75,83.1,HistGradientBoosting
SKU_162,2026-03-17,69.63,57.1,82.17,HistGradientBoosting
SKU_162,2026-03-24,69.63,57.09,82.16,HistGradientBoosting
SKU_162,2026-03-31,70.37,57.7,83.03,HistGradientBoosting
SKU_162,2026-04-07,71.28,58.45,84.11,HistGradientBoosting
SKU_162,2026-04-14,67.49,55.34,79.63,HistGradientBoosting
SKU_162,2026-04-21,67.9,55.68,80.13,HistGradientBoosting
SKU_163,2026-03-03,93.99,77.07,110.9,HistGradientBoosting
SKU_163,2026-03-10,81.7,66.99,96.4,HistGradientBoosting
SKU_163,2026-03-17,81.17,66.56,95.78,HistGradientBoosting
SKU_163,2026-03-24,81.59,66.91,96.28,HistGradientBoosting
SKU_163,2026-03-31,82.89,67.97,97.81,HistGradientBoosting
SKU_163,2026-04-07,82.89,67.97,97.81,HistGradientBoosting
SKU_163,2026-04-14,83.13,68.17,98.1,HistGradientBoosting
SKU_163,2026-04-21,80.56,66.06,95.06,HistGradientBoosting
SKU_164,2026-03-03,92.53,75.88,109.19,HistGradientBoosting
SKU_164,2026-03-10,79.96,65.56,94.35,HistGradientBoosting
SKU_164,2026-03-17,82.64,67.76,97.51,HistGradientBoosting
SKU_164,2026-03-24,81.9,67.16,96.64,HistGradientBoosting
SKU_164,2026-03-31,81.81,67.08,96.54,HistGradientBoosting
SKU_164,2026-04-07,83.13,68.17,98.1,HistGradientBoosting
SKU_164,2026-04-14,80.54,66.04,95.04,HistGradientBoosting
SKU_164,2026-04-21,79.65,65.31,93.99,HistGradientBoosting
SKU_165,2026-03-03,19.31,15.83,22.78,HistGradientBoosting
SKU_165,2026-03-10,18.38,15.07,21.68,HistGradientBoosting
SKU_165,2026-03-17,17.09,14.01,20.16,HistGradientBoosting
SKU_165,2026-03-24,18.49,15.16,21.81,HistGradientBoosting
SKU_165,2026-03-31,17.46,14.32,20.61,HistGradientBoosting
SKU_165,2026-04-07,17.05,13.98,20.12,HistGradientBoosting
SKU_165,2026-04-14,17.58,14.42,20.75,HistGradientBoosting
SKU_165,2026-04-21,17.01,13.95,20.07,HistGradientBoosting
SKU_166,2026-03-03,42.3,34.68,49.91,HistGradientBoosting
SKU_166,2026-03-10,36.25,29.72,42.77,HistGradientBoosting
SKU_166,2026-03-17,36.16,29.65,42.67,HistGradientBoosting
SKU_166,2026-03-24,35.09,28.77,41.4,HistGradientBoosting
SKU_166,2026-03-31,35.44,29.06,41.82,HistGradientBoosting
SKU_166,2026-04-07,35.43,29.06,41.81,HistGradientBoosting
SKU_166,2026-04-14,34.3,28.13,40.48,HistGradientBoosting
SKU_166,2026-04-21,32.64,26.77,38.52,HistGradientBoosting
SKU_167,2026-03-03,32.59,26.72,38.46,HistGradientBoosting
SKU_167,2026-03-10,31.94,26.19,37.69,HistGradientBoosting
SKU_167,2026-03-17,30.98,25.41,36.56,HistGradientBoosting
SKU_167,2026-03-24,28.45,23.33,33.57,HistGradientBoosting
SKU_167,2026-03-31,28.07,23.01,33.12,HistGradientBoosting
SKU_167,2026-04-07,28.27,23.18,33.35,HistGradientBoosting
SKU_167,2026-04-14,28.74,23.57,33.92,HistGradientBoosting
SKU_167,2026-04-21,27.4,22.47,32.34,HistGradientBoosting
SKU_168,2026-03-03,13.98,11.46,16.49,HistGradientBoosting
SKU_168,2026-03-10,14.1,11.56,16.64,HistGradientBoosting
SKU_168,2026-03-17,12.36,10.14,14.59,HistGradientBoosting
SKU_168,2026-03-24,12.36,10.14,14.59,HistGradientBoosting
SKU_168,2026-03-31,12.34,10.12,14.56,HistGradientBoosting
SKU_168,2026-04-07,12.0,9.84,14.16,HistGradientBoosting
SKU_168,2026-04-14,12.55,10.29,14.81,HistGradientBoosting
SKU_168,2026-04-21,13.04,10.69,15.39,HistGradientBoosting
SKU_169,2026-03-03,67.51,55.35,79.66,HistGradientBoosting
SKU_169,2026-03-10,60.5,49.61,71.39,HistGradientBoosting
SKU_169,2026-03-17,56.5,46.33,66.67,HistGradientBoosting
SKU_169,2026-03-24,55.64,45.63,65.66,HistGradientBoosting
SKU_169,2026-03-31,56.33,46.19,66.48,HistGradientBoosting
SKU_169,2026-04-07,56.44,46.28,66.6,HistGradientBoosting
SKU_169,2026-04-14,55.67,45.65,65.69,HistGradientBoosting
SKU_169,2026-04-21,52.99,43.46,62.53,HistGradientBoosting
SKU_170,2026-03-03,71.58,58.7,84.46,HistGradientBoosting
SKU_170,2026-03-10,62.17,50.98,73.36,HistGradientBoosting
SKU_170,2026-03-17,65.4,53.62,77.17,HistGradientBoosting
SKU_170,2026-03-24,64.63,52.99,76.26,HistGradientBoosting
SKU_170,2026-03-31,65.48,53.7,77.27,HistGradientBoosting
SKU_170,2026-04-07,64.74,53.09,76.4,HistGradientBoosting
SKU_170,2026-04-14,64.14,52.59,75.68,HistGradientBoosting
SKU_170,2026-04-21,63.08,51.73,74.43,HistGradientBoosting
SKU_171,2026-03-03,87.26,71.55,102.96,HistGradientBoosting
SKU_171,2026-03-10,71.79,58.87,84.71,HistGradientBoosting
SKU_171,2026-03-17,70.65,57.93,83.36,HistGradientBoosting
SKU_171,2026-03-24,70.52,57.82,83.21,HistGradientBoosting
SKU_171,2026-03-31,70.15,57.53,82.78,HistGradientBoosting
SKU_171,2026-04-07,70.59,57.89,83.3,HistGradientBoosting
SKU_171,2026-04-14,69.78,57.22,82.34,HistGradientBoosting
SKU_171,2026-04-21,65.74,53.91,77.57,HistGradientBoosting
SKU_172,2026-03-03,18.24,14.95,21.52,HistGradientBoosting
SKU_172,2026-03-10,17.7,14.52,20.89,HistGradientBoosting
SKU_172,2026-03-17,15.84,12.99,18.69,HistGradientBoosting
SKU_172,2026-03-24,15.29,12.54,18.04,HistGradientBoosting
SKU_172,2026-03-31,15.15,12.42,17.87,HistGradientBoosting
SKU_172,2026-04-07,15.11,12.39,17.83,HistGradientBoosting
SKU_172,2026-04-14,15.08,12.37,17.8,HistGradientBoosting
SKU_172,2026-04-21,14.9,12.22,17.58,HistGradientBoosting
SKU_173,2026-03-03,92.61,75.94,109.28,HistGradientBoosting
SKU_173,2026-03-10,79.26,65.0,93.53,HistGradientBoosting
SKU_173,2026-03-17,76.99,63.13,90.85,HistGradientBoosting
SKU_173,2026-03-24,71.29,58.46,84.12,HistGradientBoosting
SKU_173,2026-03-31,72.84,59.73,85.95,HistGradientBoosting
SKU_173,2026-04-07,72.77,59.67,85.87,HistGradientBoosting
SKU_173,2026-04-14,68.56,56.22,80.9,HistGradientBoosting
SKU_173,2026-04-21,68.91,56.5,81.31,HistGradientBoosting
SKU_174,2026-03-03,65.97,54.1,77.85,HistGradientBoosting
SKU_174,2026-03-10,60.76,49.82,71.69,HistGradientBoosting
SKU_174,2026-03-17,58.97,48.36,69.59,HistGradientBoosting
SKU_174,2026-03-24,55.33,45.37,65.29,HistGradientBoosting
SKU_174,2026-03-31,58.32,47.82,68.82,HistGradientBoosting
SKU_174,2026-04-07,60.75,49.82,71.69,HistGradientBoosting
SKU_174,2026-04-14,58.99,48.37,69.61,HistGradientBoosting
SKU_174,2026-04-21,58.69,48.13,69.25,HistGradientBoosting
SKU_175,2026-03-03,68.55,56.21,80.89,HistGradientBoosting
SKU_175,2026-03-10,60.56,49.66,71.46,HistGradientBoosting
SKU_175,2026-03-17,64.01,52.49,75.53,HistGradientBoosting
SKU_175,2026-03-24,64.2,52.65,75.76,HistGradientBoosting
SKU_175,2026-03-31,65.68,53.86,77.5,HistGradientBoosting
SKU_175,2026-04-07,64.24,52.68,75.81,HistGradientBoosting
SKU_175,2026-04-14,63.98,52.46,75.49,HistGradientBoosting
SKU_175,2026-04-21,60.55,49.65,71.45,HistGradientBoosting
SKU_176,2026-03-03,93.86,76.97,110.76,HistGradientBoosting
SKU_176,2026-03-10,80.23,65.79,94.67,HistGradientBoosting
SKU_176,2026-03-17,81.21,66.59,95.83,HistGradientBoosting
SKU_176,2026-03-24,82.35,67.53,97.17,HistGradientBoosting
SKU_176,2026-03-31,82.63,67.75,97.5,HistGradientBoosting
SKU_176,2026-04-07,82.96,68.02,97.89,HistGradientBoosting
SKU_176,2026-04-14,80.6,66.09,95.1,HistGradientBoosting
SKU_176,2026-04-21,75.54,61.94,89.13,HistGradientBoosting
SKU_177,2026-03-03,63.3,51.91,74.7,HistGradientBoosting
SKU_177,2026-03-10,57.89,47.47,68.31,HistGradientBoosting
SKU_177,2026-03-17,56.64,46.44,66.83,HistGradientBoosting
SKU_177,2026-03-24,56.54,46.36,66.72,HistGradientBoosting
SKU_177,2026-03-31,57.19,46.89,67.48,HistGradientBoosting
SKU_177,2026-04-07,55.24,45.3,65.18,HistGradientBoosting
SKU_177,2026-04-14,54.05,44.32,63.78,HistGradientBoosting
SKU_177,2026-04-21,52.38,42.95,61.81,HistGradientBoosting
SKU_178,2026-03-03,35.62,29.21,42.03,HistGradientBoosting
SKU_178,2026-03-10,34.79,28.52,41.05,HistGradientBoosting
SKU_178,2026-03-17,32.03,26.26,37.79,HistGradientBoosting
SKU_178,2026-03-24,32.5,26.65,38.35,HistGradientBoosting
SKU_178,2026-03-31,32.86,26.94,38.77,HistGradientBoosting
SKU_178,2026-04-07,33.36,27.35,39.36,HistGradientBoosting
SKU_178,2026-04-14,32.61,26.74,38.48,HistGradientBoosting
SKU_178,2026-04-21,30.79,25.25,36.34,HistGradientBoosting
SKU_179,2026-03-03,75.32,61.77,88.88,HistGradientBoosting
SKU_179,2026-03-10,62.85,51.54,74.17,HistGradientBoosting
SKU_179,2026-03-17,67.89,55.67,80.11,HistGradientBoosting
SKU_179,2026-03-24,67.2,55.1,79.3,HistGradientBoosting
SKU_179,2026-03-31,67.23,55.13,79.33,HistGradientBoosting
SKU_179,2026-04-07,68.83,56.44,81.22,HistGradientBoosting
SKU_179,2026-04-14,65.57,53.77,77.38,HistGradientBoosting
SKU_179,2026-04-21,65.36,53.6,77.12,HistGradientBoosting
SKU_180,2026-03-03,37.88,31.07,44.7,HistGradientBoosting
SKU_180,2026-03-10,36.11,29.61,42.61,HistGradientBoosting
SKU_180,2026-03-17,34.38,28.19,40.57,HistGradientBoosting
SKU_180,2026-03-24,35.27,28.92,41.62,HistGradientBoosting
SKU_180,2026-03-31,35.75,29.31,42.18,HistGradientBoosting
SKU_180,2026-04-07,34.83,28.56,41.1,HistGradientBoosting
SKU_180,2026-04-14,32.65,26.77,38.52,HistGradientBoosting
SKU_180,2026-04-21,32.0,26.24,37.75,HistGradientBoosting
SKU_181,2026-03-03,9.5,7.79,11.21,HistGradientBoosting
SKU_181,2026-03-10,9.18,7.52,10.83,HistGradientBoosting
SKU_181,2026-03-17,9.58,7.85,11.3,HistGradientBoosting
SKU_181,2026-03-24,9.23,7.57,10.9,HistGradientBoosting
SKU_181,2026-03-31,7.39,6.06,8.72,HistGradientBoosting
SKU_181,2026-04-07,7.19,5.9,8.49,HistGradientBoosting
SKU_181,2026-04-14,7.3,5.99,8.62,HistGradientBoosting
SKU_181,2026-04-21,6.85,5.62,8.09,HistGradientBoosting
SKU_182,2026-03-03,80.69,66.17,95.21,HistGradientBoosting
SKU_182,2026-03-10,73.04,59.89,86.19,HistGradientBoosting
SKU_182,2026-03-17,72.2,59.2,85.19,HistGradientBoosting
SKU_182,2026-03-24,72.84,59.73,85.96,HistGradientBoosting
SKU_182,2026-03-31,73.76,60.48,87.03,HistGradientBoosting
SKU_182,2026-04-07,73.74,60.47,87.02,HistGradientBoosting
SKU_182,2026-04-14,70.2,57.57,82.84,HistGradientBoosting
SKU_182,2026-04-21,70.04,57.44,82.65,HistGradientBoosting
SKU_183,2026-03-03,36.51,29.94,43.09,HistGradientBoosting
SKU_183,2026-03-10,34.03,27.91,40.16,HistGradientBoosting
SKU_183,2026-03-17,35.34,28.98,41.7,HistGradientBoosting
SKU_183,2026-03-24,36.0,29.52,42.47,HistGradientBoosting
SKU_183,2026-03-31,36.03,29.54,42.51,HistGradientBoosting
SKU_183,2026-04-07,36.11,29.61,42.61,HistGradientBoosting
SKU_183,2026-04-14,33.58,27.54,39.63,HistGradientBoosting
SKU_183,2026-04-21,32.19,26.4,37.98,HistGradientBoosting
SKU_184,2026-03-03,74.27,60.9,87.64,HistGradientBoosting
SKU_184,2026-03-10,69.95,57.36,82.55,HistGradientBoosting
SKU_184,2026-03-17,68.77,56.4,81.15,HistGradientBoosting
SKU_184,2026-03-24,67.53,55.37,79.68,HistGradientBoosting
SKU_184,2026-03-31,68.13,55.87,80.39,HistGradientBoosting
SKU_184,2026-04-07,66.34,54.4,78.29,HistGradientBoosting
SKU_184,2026-04-14,64.53,52.92,76.15,HistGradientBoosting
SKU_184,2026-04-21,64.13,52.58,75.67,HistGradientBoosting
SKU_185,2026-03-03,34.84,28.57,41.11,HistGradientBoosting
SKU_185,2026-03-10,33.28,27.29,39.27,HistGradientBoosting
SKU_185,2026-03-17,33.47,27.44,39.49,HistGradientBoosting
SKU_185,2026-03-24,32.54,26.68,38.4,HistGradientBoosting
SKU_185,2026-03-31,32.81,26.91,38.72,HistGradientBoosting
SKU_185,2026-04-07,33.13,27.17,39.09,HistGradientBoosting
SKU_185,2026-04-14,33.18,27.21,39.16,HistGradientBoosting
SKU_185,2026-04-21,32.28,26.47,38.09,HistGradientBoosting
SKU_186,2026-03-03,84.85,69.58,100.12,HistGradientBoosting
SKU_186,2026-03-10,73.02,59.87,86.16,HistGradientBoosting
SKU_186,2026-03-17,70.9,58.14,83.66,HistGradientBoosting
SKU_186,2026-03-24,69.34,56.86,81.82,HistGradientBoosting
SKU_186,2026-03-31,70.57,57.87,83.27,HistGradientBoosting
SKU_186,2026-04-07,68.71,56.34,81.08,HistGradientBoosting
SKU_186,2026-04-14,69.49,56.98,82.0,HistGradientBoosting
SKU_186,2026-04-21,66.61,54.62,78.6,HistGradientBoosting
SKU_187,2026-03-03,23.92,19.61,28.23,HistGradientBoosting
SKU_187,2026-03-10,22.94,18.81,27.07,HistGradientBoosting
SKU_187,2026-03-17,20.78,17.04,24.52,HistGradientBoosting
SKU_187,2026-03-24,19.62,16.09,23.15,HistGradientBoosting
SKU_187,2026-03-31,20.67,16.95,24.39,HistGradientBoosting
SKU_187,2026-04-07,21.19,17.37,25.0,HistGradientBoosting
SKU_187,2026-04-14,20.28,16.63,23.93,HistGradientBoosting
SKU_187,2026-04-21,19.61,16.08,23.14,HistGradientBoosting
SKU_188,2026-03-03,94.0,77.08,110.92,HistGradientBoosting
SKU_188,2026-03-10,81.28,66.65,95.91,HistGradientBoosting
SKU_188,2026-03-17,81.53,66.86,96.21,HistGradientBoosting
SKU_188,2026-03-24,81.97,67.21,96.72,HistGradientBoosting
SKU_188,2026-03-31,83.03,68.08,97.97,HistGradientBoosting
SKU_188,2026-04-07,82.23,67.43,97.03,HistGradientBoosting
SKU_188,2026-04-14,83.33,68.33,98.33,HistGradientBoosting
SKU_188,2026-04-21,79.48,65.17,93.79,HistGradientBoosting
SKU_189,2026-03-03,73.02,59.87,86.16,HistGradientBoosting
SKU_189,2026-03-10,64.8,53.13,76.46,HistGradientBoosting
SKU_189,2026-03-17,67.88,55.66,80.09,HistGradientBoosting
SKU_189,2026-03-24,69.06,56.63,81.49,HistGradientBoosting
SKU_189,2026-03-31,69.3,56.83,81.78,HistGradientBoosting
SKU_189,2026-04-07,68.99,56.57,81.4,HistGradientBoosting
SKU_189,2026-04-14,66.58,54.6,78.56,HistGradientBoosting
SKU_189,2026-04-21,63.82,52.33,75.31,HistGradientBoosting
SKU_190,2026-03-03,12.74,10.44,15.03,HistGradientBoosting
SKU_190,2026-03-10,13.17,10.8,15.54,HistGradientBoosting
SKU_190,2026-03-17,12.81,10.5,15.11,HistGradientBoosting
SKU_190,2026-03-24,12.82,10.51,15.13,HistGradientBoosting
SKU_190,2026-03-31,12.75,10.46,15.05,HistGradientBoosting
SKU_190,2026-04-07,12.95,10.62,15.28,HistGradientBoosting
SKU_190,2026-04-14,12.83,10.52,15.14,HistGradientBoosting
SKU_190,2026-04-21,12.32,10.1,14.54,HistGradientBoosting
SKU_191,2026-03-03,53.22,43.64,62.8,HistGradientBoosting
SKU_191,2026-03-10,48.79,40.01,57.58,HistGradientBoosting
SKU_191,2026-03-17,48.05,39.4,56.69,HistGradientBoosting
SKU_191,2026-03-24,47.1,38.62,55.58,HistGradientBoosting
SKU_191,2026-03-31,48.06,39.41,56.71,HistGradientBoosting
SKU_191,2026-04-07,48.92,40.11,57.72,HistGradientBoosting
SKU_191,2026-04-14,48.75,39.97,57.52,HistGradientBoosting
SKU_191,2026-04-21,47.25,38.74,55.75,HistGradientBoosting
SKU_192,2026-03-03,91.09,74.7,107.49,HistGradientBoosting
SKU_192,2026-03-10,80.97,66.39,95.54,HistGradientBoosting
SKU_192,2026-03-17,86.34,70.8,101.88,HistGradientBoosting
SKU_192,2026-03-24,85.95,70.48,101.42,HistGradientBoosting
SKU_192,2026-03-31,84.75,69.49,100.0,HistGradientBoosting
SKU_192,2026-04-07,83.24,68.26,98.23,HistGradientBoosting
SKU_192,2026-04-14,84.5,69.29,99.71,HistGradientBoosting
SKU_192,2026-04-21,82.73,67.84,97.62,HistGradientBoosting
SKU_193,2026-03-03,48.03,39.38,56.67,HistGradientBoosting
SKU_193,2026-03-10,43.63,35.78,51.49,HistGradientBoosting
SKU_193,2026-03-17,42.64,34.96,50.31,HistGradientBoosting
SKU_193,2026-03-24,42.94,35.21,50.67,HistGradientBoosting
SKU_193,2026-03-31,44.05,36.12,51.97,HistGradientBoosting
SKU_193,2026-04-07,43.64,35.79,51.5,HistGradientBoosting
SKU_193,2026-04-14,42.26,34.65,49.87,HistGradientBoosting
SKU_193,2026-04-21,41.56,34.08,49.04,HistGradientBoosting
SKU_194,2026-03-03,19.68,16.13,23.22,HistGradientBoosting
SKU_194,2026-03-10,19.64,16.1,23.18,HistGradientBoosting
SKU_194,2026-03-17,18.91,15.51,22.31,HistGradientBoosting
SKU_194,2026-03-24,19.2,15.75,22.66,HistGradientBoosting
SKU_194,2026-03-31,19.15,15.7,22.6,HistGradientBoosting
SKU_194,2026-04-07,18.25,14.97,21.54,HistGradientBoosting
SKU_194,2026-04-14,19.01,15.59,22.43,HistGradientBoosting
SKU_194,2026-04-21,19.5,15.99,23.01,HistGradientBoosting
SKU_195,2026-03-03,44.65,36.61,52.69,HistGradientBoosting
SKU_195,2026-03-10,43.2,35.42,50.98,HistGradientBoosting
SKU_195,2026-03-17,42.28,34.67,49.89,HistGradientBoosting
SKU_195,2026-03-24,42.1,34.52,49.68,HistGradientBoosting
SKU_195,2026-03-31,40.81,33.46,48.15,HistGradientBoosting
SKU_195,2026-04-07,41.88,34.34,49.42,HistGradientBoosting
SKU_195,2026-04-14,42.7,35.01,50.38,HistGradientBoosting
SKU_195,2026-04-21,39.39,32.3,46.49,HistGradientBoosting
SKU_196,2026-03-03,1.84,1.51,2.17,HistGradientBoosting
SKU_196,2026-03-10,1.54,1.26,1.82,HistGradientBoosting
SKU_196,2026-03-17,1.54,1.26,1.82,HistGradientBoosting
SKU_196,2026-03-24,1.54,1.26,1.82,HistGradientBoosting
SKU_196,2026-03-31,1.54,1.26,1.82,HistGradientBoosting
SKU_196,2026-04-07,1.54,1.26,1.82,HistGradientBoosting
SKU_196,2026-04-14,1.54,1.26,1.82,HistGradientBoosting
SKU_196,2026-04-21,1.54,1.26,1.82,HistGradientBoosting
SKU_197,2026-03-03,1.54,1.26,1.82,HistGradientBoosting
SKU_197,2026-03-10,1.66,1.36,1.96,HistGradientBoosting
SKU_197,2026-03-17,1.54,1.26,1.82,HistGradientBoosting
SKU_197,2026-03-24,1.54,1.26,1.82,HistGradientBoosting
SKU_197,2026-03-31,1.54,1.26,1.82,HistGradientBoosting
SKU_197,2026-04-07,1.84,1.51,2.17,HistGradientBoosting
SKU_197,2026-04-14,1.54,1.26,1.82,HistGradientBoosting
SKU_197,2026-04-21,1.54,1.26,1.82,HistGradientBoosting
SKU_198,2026-03-03,1.54,1.26,1.82,HistGradientBoosting
SKU_198,2026-03-10,1.54,1.26,1.82,HistGradientBoosting
SKU_198,2026-03-17,1.54,1.26,1.82,HistGradientBoosting
SKU_198,2026-03-24,1.54,1.26,1.82,HistGradientBoosting
SKU_198,2026-03-31,1.54,1.26,1.82,HistGradientBoosting
SKU_198,2026-04-07,1.74,1.43,2.06,HistGradientBoosting
SKU_198,2026-04-14,1.54,1.26,1.82,HistGradientBoosting
SKU_198,2026-04-21,1.54,1.26,1.82,HistGradientBoosting
SKU_199,2026-03-03,1.54,1.26,1.82,HistGradientBoosting
SKU_199,2026-03-10,1.54,1.26,1.82,HistGradientBoosting
SKU_199,2026-03-17,1.66,1.36,1.96,HistGradientBoosting
SKU_199,2026-03-24,1.66,1.36,1.96,HistGradientBoosting
SKU_199,2026-03-31,1.54,1.26,1.82,HistGradientBoosting
SKU_199,2026-04-07,1.54,1.26,1.82,HistGradientBoosting
SKU_199,2026-04-14,1.84,1.51,2.17,HistGradientBoosting
SKU_199,2026-04-21,1.84,1.51,2.17,HistGradientBoosting
SKU_200,2026-03-03,1.54,1.26,1.82,HistGradientBoosting
SKU_200,2026-03-10,1.54,1.26,1.82,HistGradientBoosting
SKU_200,2026-03-17,2.06,1.69,2.43,HistGradientBoosting
SKU_200,2026-03-24,2.02,1.66,2.38,HistGradientBoosting
SKU_200,2026-03-31,1.54,1.26,1.82,HistGradientBoosting
SKU_200,2026-04-07,1.54,1.26,1.82,HistGradientBoosting
SKU_200,2026-04-14,1.54,1.26,1.82,HistGradientBoosting
SKU_200,2026-04-21,1.54,1.26,1.82,HistGradientBoosting
