sku_id,product_name,category,subcategory,on_hand_units,on_order_units,lead_time_days,reorder_point,forecast_8w_demand,lead_time_demand,stockout_coverage,overstock_ratio,stockout_risk_level,overstock_risk_level,stockout_risk_score,overstock_risk_score,recommended_action,business_reason,unit_cost,list_price,unfulfilled_units_risk,revenue_at_risk,excess_units,capital_locked,inventory_value
SKU_001,Product SKU_001,Furnishings,Rugs,140,0,14,420,1436.29,359.07,0.39,0.1,CRITICAL,LOW,0.95,0.2,REORDER NOW,Projected demand (359 units) over 14-day lead time exceeds available stock (140 units).,1712.45,3599.09,219.1,788452.65,0.0,0.0,239743.0
SKU_002,Product SKU_002,Décor,Lighting,1050,350,28,840,1463.38,731.69,1.91,0.72,LOW,LOW,0.15,0.2,HEALTHY,Inventory position (1400 units) safely covers forecast demand (732 units) without excess.,3732.91,5561.95,0.0,0.0,0.0,0.0,3919555.5
SKU_003,Product SKU_003,Small Appliances,Blenders,1750,1400,10,300,1435.93,256.42,12.28,1.22,LOW,LOW,0.15,0.2,HEALTHY,Inventory position (3150 units) safely covers forecast demand (256 units) without excess.,1400.07,2780.26,0.0,0.0,0.0,0.0,2450122.5
SKU_004,Product SKU_004,Furnishings,Bedding,2450,700,14,420,1417.44,354.36,8.89,1.73,LOW,MEDIUM,0.15,0.6,HEALTHY,Inventory position (3150 units) safely covers forecast demand (354 units) without excess.,6709.81,10676.01,0.0,0.0,323.8,2172904.87,16439034.5
SKU_005,Product SKU_005,Décor,Mirrors,525,350,14,420,1432.0,358.0,2.44,0.37,LOW,LOW,0.15,0.2,HEALTHY,Inventory position (875 units) safely covers forecast demand (358 units) without excess.,5054.61,9858.96,0.0,0.0,0.0,0.0,2653670.25
SKU_006,Product SKU_006,Uncategorized,Coffee Makers,508,406,21,183,428.18,160.57,5.69,1.19,LOW,LOW,0.15,0.2,HEALTHY,Inventory position (914 units) safely covers forecast demand (161 units) without excess.,4340.76,7639.19,0.0,0.0,0.0,0.0,2205106.08
SKU_007,Product SKU_007,Furnishings,Storage,818,233,10,100,508.55,90.81,11.57,1.61,LOW,MEDIUM,0.15,0.6,HEALTHY,Inventory position (1051 units) safely covers forecast demand (91 units) without excess.,3811.74,8030.03,0.0,0.0,55.2,210312.75,3118003.32
SKU_008,Product SKU_008,Décor,Vases,47,0,21,143,340.91,127.84,0.37,0.14,CRITICAL,LOW,0.95,0.2,REORDER NOW,Projected demand (128 units) over 21-day lead time exceeds available stock (47 units).,4259.61,8234.56,80.8,665681.83,0.0,0.0,200201.67
SKU_009,Product SKU_009,Small Appliances,Blenders,609,487,10,104,528.01,94.29,11.62,1.15,LOW,LOW,0.15,0.2,HEALTHY,Inventory position (1096 units) safely covers forecast demand (94 units) without excess.,5538.37,9999.25,0.0,0.0,0.0,0.0,3372867.33
SKU_010,Product SKU_010,Furnishings,Seating,1062,303,10,130,662.31,118.27,11.54,1.6,LOW,MEDIUM,0.15,0.6,HEALTHY,Inventory position (1365 units) safely covers forecast demand (118 units) without excess.,7735.37,16457.45,0.0,0.0,68.5,530143.58,8214962.94
SKU_011,Product SKU_011,Décor,Lighting,752,214,21,193,467.96,175.48,5.5,1.61,LOW,MEDIUM,0.15,0.6,HEALTHY,Inventory position (966 units) safely covers forecast demand (175 units) without excess.,1052.08,2120.79,0.0,0.0,50.1,52667.12,791164.16
SKU_012,Product SKU_012,Small Appliances,Blenders,657,187,7,56,403.35,50.42,16.74,1.63,LOW,MEDIUM,0.15,0.6,HEALTHY,Inventory position (844 units) safely covers forecast demand (50 units) without excess.,4112.86,5885.3,0.0,0.0,52.0,213765.9,2702149.02
SKU_013,Product SKU_013,Furnishings,Seating,388,310,10,66,321.03,57.33,12.18,1.21,LOW,LOW,0.15,0.2,HEALTHY,Inventory position (698 units) safely covers forecast demand (57 units) without excess.,1703.22,3542.4,0.0,0.0,0.0,0.0,660849.36
SKU_014,Product SKU_014,Décor,Wall Art,499,399,14,119,428.36,107.09,8.39,1.16,LOW,LOW,0.15,0.2,HEALTHY,Inventory position (898 units) safely covers forecast demand (107 units) without excess.,1901.15,3632.97,0.0,0.0,0.0,0.0,948673.85
SKU_015,Product SKU_015,Small Appliances,Coffee Makers,38,0,21,115,262.86,98.57,0.39,0.14,CRITICAL,LOW,0.95,0.2,REORDER NOW,Projected demand (99 units) over 21-day lead time exceeds available stock (38 units).,6268.52,14076.27,60.6,852599.67,0.0,0.0,238203.76
SKU_016,Product SKU_016,Furnishings,Seating,490,140,28,168,293.32,146.66,4.3,1.67,LOW,MEDIUM,0.15,0.6,HEALTHY,Inventory position (630 units) safely covers forecast demand (147 units) without excess.,5899.99,9993.91,0.0,0.0,50.0,295117.5,2890995.1
SKU_017,Product SKU_017,Décor,Wall Art,55,0,21,166,399.06,149.65,0.37,0.14,CRITICAL,LOW,0.95,0.2,REORDER NOW,Projected demand (150 units) over 21-day lead time exceeds available stock (55 units).,6802.91,14099.63,94.6,1334529.98,0.0,0.0,374160.05
SKU_018,Product SKU_018,Small Appliances,Blenders,124,35,7,10,81.8,10.23,15.55,1.52,LOW,MEDIUM,0.15,0.6,HEALTHY,Inventory position (159 units) safely covers forecast demand (10 units) without excess.,3047.0,5036.21,0.0,0.0,1.3,3961.1,377828.0
SKU_019,Product SKU_019,Furnishings,Storage,307,87,14,52,176.67,44.17,8.92,1.74,LOW,MEDIUM,0.15,0.6,HEALTHY,Inventory position (394 units) safely covers forecast demand (44 units) without excess.,2581.31,3997.78,0.0,0.0,42.0,108402.11,792462.17
SKU_020,Product SKU_020,Décor,Lighting,471,377,14,113,413.13,103.28,8.21,1.14,LOW,LOW,0.15,0.2,HEALTHY,Inventory position (848 units) safely covers forecast demand (103 units) without excess.,3560.19,6249.53,0.0,0.0,0.0,0.0,1676849.49
SKU_021,Product SKU_021,Small Appliances,Toasters,535,152,21,137,299.14,112.18,6.12,1.79,LOW,MEDIUM,0.15,0.6,HEALTHY,Inventory position (687 units) safely covers forecast demand (112 units) without excess.,1831.09,3735.8,0.0,0.0,86.3,158004.76,979633.15
SKU_022,Product SKU_022,Furnishings,Rugs,136,60,21,109,236.34,88.63,2.21,0.58,LOW,LOW,0.15,0.2,HEALTHY,Inventory position (196 units) safely covers forecast demand (89 units) without excess.,870.14,1498.92,0.0,0.0,0.0,0.0,118339.04
SKU_023,Product SKU_023,Décor,Lighting,35,0,10,106,530.6,94.75,0.37,0.07,CRITICAL,LOW,0.95,0.2,REORDER NOW,Projected demand (95 units) over 10-day lead time exceeds available stock (35 units).,6945.9,13620.69,59.8,813836.23,0.0,0.0,243106.5
SKU_024,Product SKU_024,Small Appliances,Air Purifiers,127,118,10,101,517.85,92.47,2.65,0.25,LOW,LOW,0.15,0.2,HEALTHY,Inventory position (245 units) safely covers forecast demand (92 units) without excess.,3155.3,6316.78,0.0,0.0,0.0,0.0,400723.1
SKU_025,Product SKU_025,Furnishings,Bedding,9,0,10,29,136.97,24.46,0.37,0.07,CRITICAL,LOW,0.95,0.2,REORDER NOW,Projected demand (24 units) over 10-day lead time exceeds available stock (9 units).,5209.19,11452.36,15.5,177053.49,0.0,0.0,46882.71
SKU_026,Product SKU_026,Décor,Lighting,742,593,14,178,633.51,158.38,8.43,1.17,LOW,LOW,0.15,0.2,HEALTHY,Inventory position (1335 units) safely covers forecast demand (158 units) without excess.,7782.18,16840.81,0.0,0.0,0.0,0.0,5774377.56
SKU_027,Product SKU_027,Small Appliances,Coffee Makers,607,173,7,52,331.24,41.4,18.84,1.83,LOW,MEDIUM,0.15,0.6,HEALTHY,Inventory position (780 units) safely covers forecast demand (41 units) without excess.,4102.23,7673.06,0.0,0.0,110.1,451819.61,2490053.61
SKU_028,Product SKU_028,Furnishings,Rugs,884,252,28,303,520.42,260.21,4.37,1.7,LOW,MEDIUM,0.15,0.6,HEALTHY,Inventory position (1136 units) safely covers forecast demand (260 units) without excess.,3682.89,5824.66,0.0,0.0,103.4,380700.34,3255674.76
SKU_029,Product SKU_029,Décor,Mirrors,39,0,14,119,424.12,106.03,0.37,0.09,CRITICAL,LOW,0.95,0.2,REORDER NOW,Projected demand (106 units) over 14-day lead time exceeds available stock (39 units).,4637.22,9394.84,67.0,629736.13,0.0,0.0,180851.58
SKU_030,Product SKU_030,Small Appliances,Coffee Makers,1173,335,7,100,677.14,84.64,17.82,1.73,LOW,MEDIUM,0.15,0.6,HEALTHY,Inventory position (1508 units) safely covers forecast demand (85 units) without excess.,6117.74,9824.59,0.0,0.0,157.3,962259.32,7176109.02
SKU_031,Product SKU_031,Furnishings,Storage,192,128,14,153,523.09,130.77,2.45,0.37,LOW,LOW,0.15,0.2,HEALTHY,Inventory position (320 units) safely covers forecast demand (131 units) without excess.,7079.6,13889.6,0.0,0.0,0.0,0.0,1359283.2
SKU_032,Product SKU_032,Décor,Wall Art,845,241,10,103,478.5,85.45,12.71,1.77,LOW,MEDIUM,0.15,0.6,HEALTHY,Inventory position (1086 units) safely covers forecast demand (85 units) without excess.,3815.32,6091.53,0.0,0.0,127.2,485499.47,3223945.4
SKU_033,Product SKU_033,Small Appliances,Toasters,297,132,21,238,535.43,200.79,2.14,0.55,LOW,LOW,0.15,0.2,HEALTHY,Inventory position (429 units) safely covers forecast demand (201 units) without excess.,2797.46,4223.83,0.0,0.0,0.0,0.0,830845.62
SKU_034,Product SKU_034,Furnishings,Bedding,150,120,14,36,120.75,30.19,8.94,1.24,LOW,LOW,0.15,0.2,HEALTHY,Inventory position (270 units) safely covers forecast demand (30 units) without excess.,2055.1,3667.11,0.0,0.0,0.0,0.0,308265.0
SKU_035,Product SKU_035,Décor,Mirrors,23,0,21,71,164.1,61.54,0.37,0.14,CRITICAL,LOW,0.95,0.2,REORDER NOW,Projected demand (62 units) over 21-day lead time exceeds available stock (23 units).,353.53,657.45,38.5,25338.12,0.0,0.0,8131.19
SKU_036,Product SKU_036,Small Appliances,Coffee Makers,97,0,28,292,509.98,254.99,0.38,0.19,CRITICAL,LOW,0.95,0.2,REORDER NOW,Projected demand (255 units) over 28-day lead time exceeds available stock (97 units).,5631.76,9250.0,158.0,1461407.5,0.0,0.0,546280.72
SKU_037,Product SKU_037,Furnishings,Storage,92,86,10,74,398.97,71.24,2.5,0.23,LOW,LOW,0.15,0.2,HEALTHY,Inventory position (178 units) safely covers forecast demand (71 units) without excess.,2788.66,5206.18,0.0,0.0,0.0,0.0,256556.72
SKU_038,Product SKU_038,Décor,Lighting,137,128,10,110,529.1,94.48,2.8,0.26,LOW,LOW,0.15,0.2,HEALTHY,Inventory position (265 units) safely covers forecast demand (94 units) without excess.,3099.95,7051.16,0.0,0.0,0.0,0.0,424693.15
SKU_039,Product SKU_039,Small Appliances,Toasters,164,47,28,56,100.98,50.49,4.18,1.62,LOW,MEDIUM,0.15,0.6,HEALTHY,Inventory position (211 units) safely covers forecast demand (50 units) without excess.,4128.81,6898.38,0.0,0.0,12.5,51733.99,677124.84
SKU_040,Product SKU_040,Furnishings,Bedding,26,0,10,80,392.95,70.17,0.37,0.07,CRITICAL,LOW,0.95,0.2,REORDER NOW,Projected demand (70 units) over 10-day lead time exceeds available stock (26 units).,2354.21,5365.14,44.2,236978.23,0.0,0.0,61209.46
SKU_041,Product SKU_041,Décor,Mirrors,203,67,28,163,291.45,145.73,1.85,0.7,LOW,LOW,0.15,0.2,HEALTHY,Inventory position (270 units) safely covers forecast demand (146 units) without excess.,554.49,948.49,0.0,0.0,0.0,0.0,112561.47
SKU_042,Product SKU_042,Small Appliances,Coffee Makers,402,322,28,193,357.25,178.62,4.05,1.13,LOW,LOW,0.15,0.2,HEALTHY,Inventory position (724 units) safely covers forecast demand (179 units) without excess.,1415.69,2605.59,0.0,0.0,0.0,0.0,569107.38
SKU_043,Product SKU_043,Furnishings,Storage,29,0,10,89,468.76,83.71,0.35,0.06,CRITICAL,LOW,0.95,0.2,REORDER NOW,Projected demand (84 units) over 10-day lead time exceeds available stock (29 units).,4863.76,7163.19,54.7,391898.12,0.0,0.0,141049.04
SKU_044,Product SKU_044,Décor,Mirrors,439,351,7,52,338.64,42.33,18.66,1.3,LOW,LOW,0.15,0.2,HEALTHY,Inventory position (790 units) safely covers forecast demand (42 units) without excess.,2164.63,4595.13,0.0,0.0,0.0,0.0,950272.57
SKU_045,Product SKU_045,Small Appliances,Coffee Makers,469,375,7,56,381.31,47.66,17.71,1.23,LOW,LOW,0.15,0.2,HEALTHY,Inventory position (844 units) safely covers forecast demand (48 units) without excess.,6586.53,13953.63,0.0,0.0,0.0,0.0,3089082.57
SKU_046,Product SKU_046,Furnishings,Bedding,63,85,7,51,350.33,43.79,3.38,0.18,LOW,LOW,0.15,0.2,HEALTHY,Inventory position (148 units) safely covers forecast demand (44 units) without excess.,5657.76,12291.61,0.0,0.0,0.0,0.0,356438.88
SKU_047,Product SKU_047,Décor,Mirrors,364,291,7,43,302.62,37.83,17.32,1.2,LOW,LOW,0.15,0.2,HEALTHY,Inventory position (655 units) safely covers forecast demand (38 units) without excess.,427.73,795.96,0.0,0.0,0.0,0.0,155693.72
SKU_048,Product SKU_048,Small Appliances,Blenders,918,262,21,236,541.74,203.15,5.81,1.69,LOW,MEDIUM,0.15,0.6,HEALTHY,Inventory position (1180 units) safely covers forecast demand (203 units) without excess.,7542.03,13257.49,0.0,0.0,105.4,794854.54,6923583.54
SKU_049,Product SKU_049,Furnishings,Rugs,20,8,21,16,37.08,13.9,2.01,0.54,LOW,LOW,0.15,0.2,HEALTHY,Inventory position (28 units) safely covers forecast demand (14 units) without excess.,1358.91,2319.6,0.0,0.0,0.0,0.0,27178.2
SKU_050,Product SKU_050,Décor,Lighting,77,103,7,62,440.91,55.11,3.27,0.17,LOW,LOW,0.15,0.2,HEALTHY,Inventory position (180 units) safely covers forecast demand (55 units) without excess.,7420.14,16247.18,0.0,0.0,0.0,0.0,571350.78
SKU_051,Product SKU_051,Small Appliances,Blenders,73,98,7,58,421.38,52.67,3.25,0.17,LOW,LOW,0.15,0.2,HEALTHY,Inventory position (171 units) safely covers forecast demand (53 units) without excess.,6592.61,12523.85,0.0,0.0,0.0,0.0,481260.53
SKU_052,Product SKU_052,Furnishings,Storage,34,0,10,104,503.7,89.95,0.38,0.07,CRITICAL,LOW,0.95,0.2,REORDER NOW,Projected demand (90 units) over 10-day lead time exceeds available stock (34 units).,7971.15,18085.56,56.0,1011887.08,0.0,0.0,271019.1
SKU_053,Product SKU_053,Décor,Lighting,310,103,28,248,436.04,218.02,1.89,0.71,LOW,LOW,0.15,0.2,HEALTHY,Inventory position (413 units) safely covers forecast demand (218 units) without excess.,7096.3,11140.03,0.0,0.0,0.0,0.0,2199853.0
SKU_054,Product SKU_054,Small Appliances,Coffee Makers,84,0,21,252,547.52,205.32,0.41,0.15,CRITICAL,LOW,0.95,0.2,REORDER NOW,Projected demand (205 units) over 21-day lead time exceeds available stock (84 units).,5889.86,13001.27,121.3,1577314.08,0.0,0.0,494748.24
SKU_055,Product SKU_055,Furnishings,Storage,484,161,28,387,662.8,331.4,1.95,0.73,LOW,LOW,0.15,0.2,HEALTHY,Inventory position (645 units) safely covers forecast demand (331 units) without excess.,7135.83,15455.03,0.0,0.0,0.0,0.0,3453741.72
SKU_056,Product SKU_056,Décor,Lighting,186,62,28,149,250.81,125.4,1.98,0.74,LOW,LOW,0.15,0.2,HEALTHY,Inventory position (248 units) safely covers forecast demand (125 units) without excess.,7218.87,14046.38,0.0,0.0,0.0,0.0,1342709.82
SKU_057,Product SKU_057,Small Appliances,Blenders,17,0,14,52,187.2,46.8,0.36,0.09,CRITICAL,LOW,0.95,0.2,REORDER NOW,Projected demand (47 units) over 14-day lead time exceeds available stock (17 units).,7797.21,12908.51,29.8,384673.6,0.0,0.0,132552.57
SKU_058,Product SKU_058,Furnishings,Seating,526,150,10,64,322.4,57.57,11.74,1.63,LOW,MEDIUM,0.15,0.6,HEALTHY,Inventory position (676 units) safely covers forecast demand (58 units) without excess.,3752.87,8612.88,0.0,0.0,42.4,159121.69,1974009.62
SKU_059,Product SKU_059,Décor,Mirrors,40,53,7,32,238.63,29.83,3.12,0.17,LOW,LOW,0.15,0.2,HEALTHY,Inventory position (93 units) safely covers forecast demand (30 units) without excess.,439.18,810.07,0.0,0.0,0.0,0.0,17567.2
SKU_060,Product SKU_060,Small Appliances,Toasters,742,212,21,190,486.42,182.41,5.23,1.53,LOW,MEDIUM,0.15,0.6,HEALTHY,Inventory position (954 units) safely covers forecast demand (182 units) without excess.,2672.07,5045.63,0.0,0.0,12.4,33053.51,1982675.94
SKU_061,Product SKU_061,Furnishings,Rugs,30,0,7,92,657.28,82.16,0.37,0.05,CRITICAL,LOW,0.95,0.2,REORDER NOW,Projected demand (82 units) over 7-day lead time exceeds available stock (30 units).,2228.56,4303.09,52.2,224449.17,0.0,0.0,66856.8
SKU_062,Product SKU_062,Décor,Wall Art,205,58,10,25,134.39,24.0,10.96,1.53,LOW,MEDIUM,0.15,0.6,HEALTHY,Inventory position (263 units) safely covers forecast demand (24 units) without excess.,4047.91,8968.1,0.0,0.0,3.4,13823.61,829821.55
SKU_063,Product SKU_063,Small Appliances,Blenders,162,46,14,27,101.72,25.43,8.18,1.59,LOW,MEDIUM,0.15,0.6,HEALTHY,Inventory position (208 units) safely covers forecast demand (25 units) without excess.,4170.31,8003.72,0.0,0.0,9.4,39284.32,675590.22
SKU_064,Product SKU_064,Furnishings,Storage,108,48,21,86,202.53,75.95,2.05,0.53,LOW,LOW,0.15,0.2,HEALTHY,Inventory position (156 units) safely covers forecast demand (76 units) without excess.,4143.79,7934.54,0.0,0.0,0.0,0.0,447529.32
SKU_065,Product SKU_065,Décor,Mirrors,619,495,7,74,537.97,67.25,16.57,1.15,LOW,LOW,0.15,0.2,HEALTHY,Inventory position (1114 units) safely covers forecast demand (67 units) without excess.,635.75,1459.11,0.0,0.0,0.0,0.0,393529.25
SKU_066,Product SKU_066,Small Appliances,Air Purifiers,307,102,28,245,435.33,217.67,1.88,0.71,LOW,LOW,0.15,0.2,HEALTHY,Inventory position (409 units) safely covers forecast demand (218 units) without excess.,7344.46,12729.0,0.0,0.0,0.0,0.0,2254749.22
SKU_067,Product SKU_067,Furnishings,Bedding,70,23,28,56,100.83,50.42,1.84,0.69,LOW,LOW,0.15,0.2,HEALTHY,Inventory position (93 units) safely covers forecast demand (50 units) without excess.,2846.78,5401.73,0.0,0.0,0.0,0.0,199274.6
SKU_068,Product SKU_068,Décor,Vases,30,0,7,92,590.62,73.83,0.41,0.05,CRITICAL,LOW,0.95,0.2,REORDER NOW,Projected demand (74 units) over 7-day lead time exceeds available stock (30 units).,7848.55,11520.19,43.8,504929.93,0.0,0.0,235456.5
SKU_069,Product SKU_069,Small Appliances,Coffee Makers,201,134,14,161,554.93,138.73,2.41,0.36,LOW,LOW,0.15,0.2,HEALTHY,Inventory position (335 units) safely covers forecast demand (139 units) without excess.,6853.75,11550.14,0.0,0.0,0.0,0.0,1377603.75
SKU_070,Product SKU_070,Furnishings,Storage,32,10,28,25,48.31,24.16,1.74,0.66,LOW,LOW,0.15,0.2,HEALTHY,Inventory position (42 units) safely covers forecast demand (24 units) without excess.,3339.12,7211.8,0.0,0.0,0.0,0.0,106851.84
SKU_071,Product SKU_071,Décor,Vases,251,111,21,201,471.22,176.71,2.05,0.53,LOW,LOW,0.15,0.2,HEALTHY,Inventory position (362 units) safely covers forecast demand (177 units) without excess.,842.2,1337.44,0.0,0.0,0.0,0.0,211392.2
SKU_072,Product SKU_072,Small Appliances,Blenders,295,131,21,236,570.55,213.96,1.99,0.52,LOW,LOW,0.15,0.2,HEALTHY,Inventory position (426 units) safely covers forecast demand (214 units) without excess.,1378.65,2573.25,0.0,0.0,0.0,0.0,406701.75
SKU_073,Product SKU_073,Furnishings,Seating,151,67,21,121,259.46,97.3,2.24,0.58,LOW,LOW,0.15,0.2,HEALTHY,Inventory position (218 units) safely covers forecast demand (97 units) without excess.,6834.76,10409.06,0.0,0.0,0.0,0.0,1032048.76
SKU_074,Product SKU_074,Décor,Wall Art,126,36,14,21,98.14,24.54,6.6,1.28,LOW,LOW,0.15,0.2,HEALTHY,Inventory position (162 units) safely covers forecast demand (25 units) without excess.,4556.71,7595.39,0.0,0.0,0.0,0.0,574145.46
SKU_075,Product SKU_075,Small Appliances,Air Purifiers,136,38,14,23,74.48,18.62,9.34,1.83,LOW,MEDIUM,0.15,0.6,HEALTHY,Inventory position (174 units) safely covers forecast demand (19 units) without excess.,6976.46,15501.11,0.0,0.0,24.3,169388.45,948798.56
SKU_076,Product SKU_076,Furnishings,Seating,71,23,28,57,102.33,51.17,1.84,0.69,LOW,LOW,0.15,0.2,HEALTHY,Inventory position (94 units) safely covers forecast demand (51 units) without excess.,5134.79,8086.51,0.0,0.0,0.0,0.0,364570.09
SKU_077,Product SKU_077,Décor,Mirrors,56,0,14,170,603.39,150.85,0.37,0.09,CRITICAL,LOW,0.95,0.2,REORDER NOW,Projected demand (151 units) over 14-day lead time exceeds available stock (56 units).,690.92,1518.61,94.8,144040.16,0.0,0.0,38691.52
SKU_078,Product SKU_078,Small Appliances,Blenders,115,153,7,92,619.36,77.42,3.46,0.19,LOW,LOW,0.15,0.2,HEALTHY,Inventory position (268 units) safely covers forecast demand (77 units) without excess.,3676.25,7370.23,0.0,0.0,0.0,0.0,422768.75
SKU_079,Product SKU_079,Furnishings,Rugs,133,107,10,22,118.87,21.23,11.31,1.12,LOW,LOW,0.15,0.2,HEALTHY,Inventory position (240 units) safely covers forecast demand (21 units) without excess.,7860.17,16938.98,0.0,0.0,0.0,0.0,1045402.61
SKU_080,Product SKU_080,Décor,Wall Art,35,0,28,107,192.56,96.28,0.36,0.18,CRITICAL,LOW,0.95,0.2,REORDER NOW,Projected demand (96 units) over 28-day lead time exceeds available stock (35 units).,2226.94,3195.55,61.3,195823.3,0.0,0.0,77942.9
SKU_081,Product SKU_081,Small Appliances,Blenders,36,33,10,28,142.08,25.37,2.72,0.25,LOW,LOW,0.15,0.2,HEALTHY,Inventory position (69 units) safely covers forecast demand (25 units) without excess.,4321.27,9044.39,0.0,0.0,0.0,0.0,155565.72
SKU_082,Product SKU_082,Furnishings,Storage,258,73,7,22,154.09,19.26,17.18,1.67,LOW,MEDIUM,0.15,0.6,HEALTHY,Inventory position (331 units) safely covers forecast demand (19 units) without excess.,3820.94,8244.9,0.0,0.0,26.9,102649.55,985802.52
SKU_083,Product SKU_083,Décor,Mirrors,151,141,10,121,575.6,102.79,2.84,0.26,LOW,LOW,0.15,0.2,HEALTHY,Inventory position (292 units) safely covers forecast demand (103 units) without excess.,3467.43,7037.36,0.0,0.0,0.0,0.0,523581.93
SKU_084,Product SKU_084,Small Appliances,Toasters,181,60,28,145,261.23,130.62,1.85,0.69,LOW,LOW,0.15,0.2,HEALTHY,Inventory position (241 units) safely covers forecast demand (131 units) without excess.,4275.51,7228.44,0.0,0.0,0.0,0.0,773867.31
SKU_085,Product SKU_085,Furnishings,Bedding,85,57,14,68,255.91,63.98,2.22,0.33,LOW,LOW,0.15,0.2,HEALTHY,Inventory position (142 units) safely covers forecast demand (64 units) without excess.,3638.11,7529.57,0.0,0.0,0.0,0.0,309239.35
SKU_086,Product SKU_086,Décor,Wall Art,8,0,7,26,182.51,22.81,0.35,0.04,CRITICAL,LOW,0.95,0.2,REORDER NOW,Projected demand (23 units) over 7-day lead time exceeds available stock (8 units).,922.72,1647.5,14.8,24399.48,0.0,0.0,7381.76
SKU_087,Product SKU_087,Small Appliances,Toasters,314,104,28,251,434.0,217.0,1.93,0.72,LOW,LOW,0.15,0.2,HEALTHY,Inventory position (418 units) safely covers forecast demand (217 units) without excess.,1634.37,2518.23,0.0,0.0,0.0,0.0,513192.18
SKU_088,Product SKU_088,Furnishings,Seating,340,272,28,163,285.31,142.65,4.29,1.19,LOW,LOW,0.15,0.2,HEALTHY,Inventory position (612 units) safely covers forecast demand (143 units) without excess.,1022.82,1600.28,0.0,0.0,0.0,0.0,347758.8
SKU_089,Product SKU_089,Décor,Lighting,285,126,21,228,535.61,200.85,2.05,0.53,LOW,LOW,0.15,0.2,HEALTHY,Inventory position (411 units) safely covers forecast demand (201 units) without excess.,5214.68,9725.52,0.0,0.0,0.0,0.0,1486183.8
SKU_090,Product SKU_090,Small Appliances,Toasters,32,0,28,96,179.02,89.51,0.36,0.18,CRITICAL,LOW,0.95,0.2,REORDER NOW,Projected demand (90 units) over 28-day lead time exceeds available stock (32 units).,5010.25,8906.42,57.5,512208.21,0.0,0.0,160328.0
SKU_091,Product SKU_091,Furnishings,Storage,38,0,10,114,572.31,102.2,0.37,0.07,CRITICAL,LOW,0.95,0.2,REORDER NOW,Projected demand (102 units) over 10-day lead time exceeds available stock (38 units).,1521.58,2294.77,64.2,147324.23,0.0,0.0,57820.04
SKU_092,Product SKU_092,Décor,Lighting,20,0,7,62,418.38,52.3,0.38,0.05,CRITICAL,LOW,0.95,0.2,REORDER NOW,Projected demand (52 units) over 7-day lead time exceeds available stock (20 units).,1025.01,1722.3,32.3,55630.29,0.0,0.0,20500.2
SKU_093,Product SKU_093,Small Appliances,Air Purifiers,38,25,14,30,108.54,27.14,2.32,0.35,LOW,LOW,0.15,0.2,HEALTHY,Inventory position (63 units) safely covers forecast demand (27 units) without excess.,1053.32,1940.69,0.0,0.0,0.0,0.0,40026.16
SKU_094,Product SKU_094,Furnishings,Rugs,58,0,28,176,305.62,152.81,0.38,0.19,CRITICAL,LOW,0.95,0.2,REORDER NOW,Projected demand (153 units) over 28-day lead time exceeds available stock (58 units).,3877.99,7697.02,94.8,729754.47,0.0,0.0,224923.42
SKU_095,Product SKU_095,Décor,Wall Art,1022,292,14,175,594.9,148.72,8.84,1.72,LOW,MEDIUM,0.15,0.6,HEALTHY,Inventory position (1314 units) safely covers forecast demand (149 units) without excess.,7608.42,16723.4,0.0,0.0,129.7,986431.65,7775805.24
SKU_096,Product SKU_096,Small Appliances,Toasters,1089,311,28,373,626.42,313.21,4.47,1.74,LOW,MEDIUM,0.15,0.6,HEALTHY,Inventory position (1400 units) safely covers forecast demand (313 units) without excess.,5119.12,9484.82,0.0,0.0,149.4,764642.95,5574721.68
SKU_097,Product SKU_097,Furnishings,Bedding,245,81,28,196,341.88,170.94,1.91,0.72,LOW,LOW,0.15,0.2,HEALTHY,Inventory position (326 units) safely covers forecast demand (171 units) without excess.,5566.52,10878.46,0.0,0.0,0.0,0.0,1363797.4
SKU_098,Product SKU_098,Décor,Mirrors,590,168,10,72,353.47,63.12,12.01,1.67,LOW,MEDIUM,0.15,0.6,HEALTHY,Inventory position (758 units) safely covers forecast demand (63 units) without excess.,504.14,971.58,0.0,0.0,59.8,30145.05,297442.6
SKU_099,Product SKU_099,Small Appliances,Blenders,232,154,14,185,643.99,161.0,2.4,0.36,LOW,LOW,0.15,0.2,HEALTHY,Inventory position (386 units) safely covers forecast demand (161 units) without excess.,5253.32,9521.26,0.0,0.0,0.0,0.0,1218770.24
SKU_100,Product SKU_100,Furnishings,Rugs,507,406,10,87,395.57,70.64,12.93,1.28,LOW,LOW,0.15,0.2,HEALTHY,Inventory position (913 units) safely covers forecast demand (71 units) without excess.,5119.74,10947.97,0.0,0.0,0.0,0.0,2595708.18
SKU_101,Product SKU_101,Décor,Mirrors,86,24,14,14,49.07,12.27,8.97,1.75,LOW,MEDIUM,0.15,0.6,HEALTHY,Inventory position (110 units) safely covers forecast demand (12 units) without excess.,1891.47,3114.43,0.0,0.0,12.4,23444.77,162666.42
SKU_102,Product SKU_102,Small Appliances,Toasters,461,153,28,369,635.28,317.64,1.93,0.73,LOW,LOW,0.15,0.2,HEALTHY,Inventory position (614 units) safely covers forecast demand (318 units) without excess.,440.31,653.86,0.0,0.0,0.0,0.0,202982.91
SKU_103,Product SKU_103,Furnishings,Rugs,37,0,28,112,192.11,96.06,0.39,0.19,CRITICAL,LOW,0.95,0.2,REORDER NOW,Projected demand (96 units) over 28-day lead time exceeds available stock (37 units).,5349.06,9344.04,59.1,551859.0,0.0,0.0,197915.22
SKU_104,Product SKU_104,Décor,Wall Art,699,199,7,59,385.62,48.2,18.63,1.81,LOW,MEDIUM,0.15,0.6,HEALTHY,Inventory position (898 units) safely covers forecast demand (48 units) without excess.,2922.81,4777.7,0.0,0.0,120.6,352403.2,2043044.19
SKU_105,Product SKU_105,Small Appliances,Blenders,100,33,28,80,158.46,79.23,1.68,0.63,LOW,LOW,0.15,0.2,HEALTHY,Inventory position (133 units) safely covers forecast demand (79 units) without excess.,5142.86,11261.45,0.0,0.0,0.0,0.0,514286.0
SKU_106,Product SKU_106,Furnishings,Storage,87,24,10,10,54.88,9.8,11.33,1.59,LOW,MEDIUM,0.15,0.6,HEALTHY,Inventory position (111 units) safely covers forecast demand (10 units) without excess.,7750.37,14672.8,0.0,0.0,4.7,36271.73,674282.19
SKU_107,Product SKU_107,Décor,Lighting,85,57,14,68,233.48,58.37,2.43,0.36,LOW,LOW,0.15,0.2,HEALTHY,Inventory position (142 units) safely covers forecast demand (58 units) without excess.,6512.63,14923.4,0.0,0.0,0.0,0.0,553573.55
SKU_108,Product SKU_108,Small Appliances,Toasters,106,0,28,318,556.03,278.02,0.38,0.19,CRITICAL,LOW,0.95,0.2,REORDER NOW,Projected demand (278 units) over 28-day lead time exceeds available stock (106 units).,2924.19,6543.41,172.0,1125597.39,0.0,0.0,309964.14
SKU_109,Product SKU_109,Furnishings,Bedding,258,206,28,124,226.74,113.37,4.09,1.14,LOW,LOW,0.15,0.2,HEALTHY,Inventory position (464 units) safely covers forecast demand (113 units) without excess.,5534.8,11434.44,0.0,0.0,0.0,0.0,1427978.4
SKU_110,Product SKU_110,Décor,Vases,297,84,10,36,186.82,33.36,11.42,1.59,LOW,MEDIUM,0.15,0.6,HEALTHY,Inventory position (381 units) safely covers forecast demand (33 units) without excess.,3208.51,6034.87,0.0,0.0,16.8,53806.71,952927.47
SKU_111,Product SKU_111,Small Appliances,Toasters,16,0,14,49,177.05,44.26,0.36,0.09,CRITICAL,LOW,0.95,0.2,REORDER NOW,Projected demand (44 units) over 14-day lead time exceeds available stock (16 units).,2591.79,3861.73,28.3,109132.49,0.0,0.0,41468.64
SKU_112,Product SKU_112,Furnishings,Storage,67,89,7,53,380.63,47.58,3.28,0.18,LOW,LOW,0.15,0.2,HEALTHY,Inventory position (156 units) safely covers forecast demand (48 units) without excess.,1002.91,1692.29,0.0,0.0,0.0,0.0,67194.97
SKU_113,Product SKU_113,Décor,Wall Art,65,0,14,196,672.69,168.17,0.39,0.1,CRITICAL,LOW,0.95,0.2,REORDER NOW,Projected demand (168 units) over 14-day lead time exceeds available stock (65 units).,4015.41,7403.3,103.2,763798.46,0.0,0.0,261001.65
SKU_114,Product SKU_114,Small Appliances,Toasters,566,161,7,48,355.15,44.39,16.38,1.59,LOW,MEDIUM,0.15,0.6,HEALTHY,Inventory position (727 units) safely covers forecast demand (44 units) without excess.,2557.72,4337.38,0.0,0.0,33.3,85108.13,1447669.52
SKU_115,Product SKU_115,Furnishings,Rugs,483,386,7,58,418.62,52.33,16.61,1.15,LOW,LOW,0.15,0.2,HEALTHY,Inventory position (869 units) safely covers forecast demand (52 units) without excess.,6395.16,13497.98,0.0,0.0,0.0,0.0,3088862.28
SKU_116,Product SKU_116,Décor,Lighting,155,145,10,124,609.24,108.79,2.76,0.25,LOW,LOW,0.15,0.2,HEALTHY,Inventory position (300 units) safely covers forecast demand (109 units) without excess.,7801.71,17915.36,0.0,0.0,0.0,0.0,1209265.05
SKU_117,Product SKU_117,Small Appliances,Air Purifiers,279,93,28,223,388.88,194.44,1.91,0.72,LOW,LOW,0.15,0.2,HEALTHY,Inventory position (372 units) safely covers forecast demand (194 units) without excess.,7135.32,12242.95,0.0,0.0,0.0,0.0,1990754.28
SKU_118,Product SKU_118,Furnishings,Seating,183,146,28,88,161.11,80.56,4.08,1.14,LOW,LOW,0.15,0.2,HEALTHY,Inventory position (329 units) safely covers forecast demand (81 units) without excess.,5597.83,12053.63,0.0,0.0,0.0,0.0,1024402.89
SKU_119,Product SKU_119,Décor,Lighting,44,0,28,132,215.56,107.78,0.41,0.2,CRITICAL,LOW,0.95,0.2,REORDER NOW,Projected demand (108 units) over 28-day lead time exceeds available stock (44 units).,3580.9,5730.58,63.8,365496.39,0.0,0.0,157559.6
SKU_120,Product SKU_120,Small Appliances,Coffee Makers,85,56,14,68,237.88,59.47,2.37,0.36,LOW,LOW,0.15,0.2,HEALTHY,Inventory position (141 units) safely covers forecast demand (59 units) without excess.,5738.07,8453.4,0.0,0.0,0.0,0.0,487735.95
SKU_121,Product SKU_121,Furnishings,Bedding,354,283,21,127,294.18,110.32,5.77,1.2,LOW,LOW,0.15,0.2,HEALTHY,Inventory position (637 units) safely covers forecast demand (110 units) without excess.,4776.05,10396.62,0.0,0.0,0.0,0.0,1690721.7
SKU_122,Product SKU_122,Décor,Wall Art,227,75,28,181,334.69,167.35,1.8,0.68,LOW,LOW,0.15,0.2,HEALTHY,Inventory position (302 units) safely covers forecast demand (167 units) without excess.,7593.81,17370.09,0.0,0.0,0.0,0.0,1723794.87
SKU_123,Product SKU_123,Small Appliances,Toasters,203,135,14,162,534.12,133.53,2.53,0.38,LOW,LOW,0.15,0.2,HEALTHY,Inventory position (338 units) safely covers forecast demand (134 units) without excess.,4008.84,6976.14,0.0,0.0,0.0,0.0,813794.52
SKU_124,Product SKU_124,Furnishings,Rugs,316,253,14,75,265.17,66.29,8.58,1.19,LOW,LOW,0.15,0.2,HEALTHY,Inventory position (569 units) safely covers forecast demand (66 units) without excess.,2842.94,5091.72,0.0,0.0,0.0,0.0,898369.04
SKU_125,Product SKU_125,Décor,Lighting,32,0,14,98,333.92,83.48,0.38,0.1,CRITICAL,LOW,0.95,0.2,REORDER NOW,Projected demand (83 units) over 14-day lead time exceeds available stock (32 units).,3420.06,6547.11,51.5,337045.22,0.0,0.0,109441.92
SKU_126,Product SKU_126,Small Appliances,Toasters,161,107,14,129,438.42,109.6,2.45,0.37,LOW,LOW,0.15,0.2,HEALTHY,Inventory position (268 units) safely covers forecast demand (110 units) without excess.,5298.92,10976.4,0.0,0.0,0.0,0.0,853126.12
SKU_127,Product SKU_127,Furnishings,Bedding,152,67,21,122,291.08,109.16,2.01,0.52,LOW,LOW,0.15,0.2,HEALTHY,Inventory position (219 units) safely covers forecast demand (109 units) without excess.,938.26,1759.74,0.0,0.0,0.0,0.0,142615.52
SKU_128,Product SKU_128,Décor,Lighting,106,141,7,85,583.48,72.94,3.39,0.18,LOW,LOW,0.15,0.2,HEALTHY,Inventory position (247 units) safely covers forecast demand (73 units) without excess.,6476.24,14766.54,0.0,0.0,0.0,0.0,686481.44
SKU_129,Product SKU_129,Small Appliances,Coffee Makers,507,406,21,182,409.35,153.51,5.95,1.24,LOW,LOW,0.15,0.2,HEALTHY,Inventory position (913 units) safely covers forecast demand (154 units) without excess.,7161.8,13427.88,0.0,0.0,0.0,0.0,3631032.6
SKU_130,Product SKU_130,Furnishings,Rugs,380,108,7,32,232.02,29.0,16.83,1.64,LOW,MEDIUM,0.15,0.6,HEALTHY,Inventory position (488 units) safely covers forecast demand (29 units) without excess.,4564.68,10372.65,0.0,0.0,32.0,145932.82,1734578.4
SKU_131,Product SKU_131,Décor,Wall Art,97,0,28,292,527.29,263.64,0.37,0.18,CRITICAL,LOW,0.95,0.2,REORDER NOW,Projected demand (264 units) over 28-day lead time exceeds available stock (97 units).,5146.37,10427.44,166.6,1737628.6,0.0,0.0,499197.89
SKU_132,Product SKU_132,Small Appliances,Blenders,459,367,21,165,397.92,149.22,5.54,1.15,LOW,LOW,0.15,0.2,HEALTHY,Inventory position (826 units) safely covers forecast demand (149 units) without excess.,5666.32,9892.16,0.0,0.0,0.0,0.0,2600840.88
SKU_133,Product SKU_133,Furnishings,Rugs,26,0,10,79,387.23,69.15,0.38,0.07,CRITICAL,LOW,0.95,0.2,REORDER NOW,Projected demand (69 units) over 10-day lead time exceeds available stock (26 units).,7682.01,11154.87,43.2,481332.64,0.0,0.0,199732.26
SKU_134,Product SKU_134,Décor,Wall Art,253,84,28,202,331.7,165.85,2.03,0.76,LOW,LOW,0.15,0.2,HEALTHY,Inventory position (337 units) safely covers forecast demand (166 units) without excess.,5075.02,8371.97,0.0,0.0,0.0,0.0,1283980.06
SKU_135,Product SKU_135,Small Appliances,Toasters,609,174,21,156,356.55,133.71,5.86,1.71,LOW,MEDIUM,0.15,0.6,HEALTHY,Inventory position (783 units) safely covers forecast demand (134 units) without excess.,3020.81,5815.94,0.0,0.0,74.2,224068.58,1839673.29
SKU_136,Product SKU_136,Furnishings,Storage,911,260,7,78,560.86,70.11,16.7,1.62,LOW,MEDIUM,0.15,0.6,HEALTHY,Inventory position (1171 units) safely covers forecast demand (70 units) without excess.,2301.61,4161.12,0.0,0.0,69.7,160445.23,2096766.71
SKU_137,Product SKU_137,Décor,Vases,17,23,7,14,92.85,11.61,3.45,0.18,LOW,LOW,0.15,0.2,HEALTHY,Inventory position (40 units) safely covers forecast demand (12 units) without excess.,2454.18,4344.11,0.0,0.0,0.0,0.0,41721.06
SKU_138,Product SKU_138,Small Appliances,Coffee Makers,91,60,14,72,245.84,61.46,2.46,0.37,LOW,LOW,0.15,0.2,HEALTHY,Inventory position (151 units) safely covers forecast demand (61 units) without excess.,7314.14,15654.33,0.0,0.0,0.0,0.0,665586.74
SKU_139,Product SKU_139,Furnishings,Seating,20,19,10,16,96.06,17.15,2.27,0.21,LOW,LOW,0.15,0.2,HEALTHY,Inventory position (39 units) safely covers forecast demand (17 units) without excess.,7377.66,10878.16,0.0,0.0,0.0,0.0,147553.2
SKU_140,Product SKU_140,Décor,Wall Art,384,128,28,307,524.84,262.42,1.95,0.73,LOW,LOW,0.15,0.2,HEALTHY,Inventory position (512 units) safely covers forecast demand (262 units) without excess.,1569.22,2777.72,0.0,0.0,0.0,0.0,602580.48
SKU_141,Product SKU_141,Small Appliances,Air Purifiers,20,0,14,61,222.68,55.67,0.36,0.09,CRITICAL,LOW,0.95,0.2,REORDER NOW,Projected demand (56 units) over 14-day lead time exceeds available stock (20 units).,7902.03,12132.58,35.7,432769.13,0.0,0.0,158040.6
SKU_142,Product SKU_142,Furnishings,Bedding,227,151,14,181,631.49,157.87,2.39,0.36,LOW,LOW,0.15,0.2,HEALTHY,Inventory position (378 units) safely covers forecast demand (158 units) without excess.,3326.02,7138.46,0.0,0.0,0.0,0.0,755006.54
SKU_143,Product SKU_143,Décor,Lighting,137,91,14,110,391.62,97.9,2.33,0.35,LOW,LOW,0.15,0.2,HEALTHY,Inventory position (228 units) safely covers forecast demand (98 units) without excess.,3908.94,6931.87,0.0,0.0,0.0,0.0,535524.78
SKU_144,Product SKU_144,Small Appliances,Coffee Makers,27,0,7,81,548.49,68.56,0.39,0.05,CRITICAL,LOW,0.95,0.2,REORDER NOW,Projected demand (69 units) over 7-day lead time exceeds available stock (27 units).,6958.36,14832.52,41.6,616439.53,0.0,0.0,187875.72
SKU_145,Product SKU_145,Furnishings,Rugs,123,164,7,98,659.87,82.48,3.48,0.19,LOW,LOW,0.15,0.2,HEALTHY,Inventory position (287 units) safely covers forecast demand (82 units) without excess.,7331.38,14124.89,0.0,0.0,0.0,0.0,901759.74
SKU_146,Product SKU_146,Décor,Lighting,106,142,7,85,602.72,75.34,3.29,0.18,LOW,LOW,0.15,0.2,HEALTHY,Inventory position (248 units) safely covers forecast demand (75 units) without excess.,6129.53,10665.78,0.0,0.0,0.0,0.0,649730.18
SKU_147,Product SKU_147,Small Appliances,Coffee Makers,1026,293,7,87,602.42,75.3,17.52,1.7,LOW,MEDIUM,0.15,0.6,HEALTHY,Inventory position (1319 units) safely covers forecast demand (75 units) without excess.,2236.11,3683.45,0.0,0.0,122.4,273632.78,2294248.86
SKU_148,Product SKU_148,Furnishings,Storage,508,145,10,62,321.68,57.44,11.37,1.58,LOW,MEDIUM,0.15,0.6,HEALTHY,Inventory position (653 units) safely covers forecast demand (57 units) without excess.,6128.89,8839.13,0.0,0.0,25.5,156164.12,3113476.12
SKU_149,Product SKU_149,Décor,Vases,71,95,7,57,383.57,47.95,3.46,0.19,LOW,LOW,0.15,0.2,HEALTHY,Inventory position (166 units) safely covers forecast demand (48 units) without excess.,470.82,870.24,0.0,0.0,0.0,0.0,33428.22
SKU_150,Product SKU_150,Small Appliances,Air Purifiers,35,47,7,28,220.47,27.56,2.98,0.16,LOW,LOW,0.15,0.2,HEALTHY,Inventory position (82 units) safely covers forecast demand (28 units) without excess.,4305.26,9329.34,0.0,0.0,0.0,0.0,150684.1
SKU_151,Product SKU_151,Furnishings,Seating,270,77,21,69,166.51,62.44,5.56,1.62,LOW,MEDIUM,0.15,0.6,HEALTHY,Inventory position (347 units) safely covers forecast demand (62 units) without excess.,980.74,2071.95,0.0,0.0,20.2,19845.27,264799.8
SKU_152,Product SKU_152,Décor,Lighting,441,353,21,159,340.02,127.51,6.23,1.3,LOW,LOW,0.15,0.2,HEALTHY,Inventory position (794 units) safely covers forecast demand (128 units) without excess.,3996.35,7107.44,0.0,0.0,0.0,0.0,1762390.35
SKU_153,Product SKU_153,Small Appliances,Coffee Makers,110,102,10,88,465.73,83.17,2.55,0.24,LOW,LOW,0.15,0.2,HEALTHY,Inventory position (212 units) safely covers forecast demand (83 units) without excess.,5721.41,9106.58,0.0,0.0,0.0,0.0,629355.1
SKU_154,Product SKU_154,Furnishings,Seating,308,246,10,52,249.3,44.52,12.44,1.24,LOW,LOW,0.15,0.2,HEALTHY,Inventory position (554 units) safely covers forecast demand (45 units) without excess.,4982.28,9829.94,0.0,0.0,0.0,0.0,1534542.24
SKU_155,Product SKU_155,Décor,Vases,493,394,28,236,409.12,204.56,4.34,1.21,LOW,LOW,0.15,0.2,HEALTHY,Inventory position (887 units) safely covers forecast demand (205 units) without excess.,1000.72,2055.24,0.0,0.0,0.0,0.0,493354.96
SKU_156,Product SKU_156,Small Appliances,Coffee Makers,112,149,7,89,619.78,77.47,3.37,0.18,LOW,LOW,0.15,0.2,HEALTHY,Inventory position (261 units) safely covers forecast demand (77 units) without excess.,3353.38,6572.22,0.0,0.0,0.0,0.0,375578.56
SKU_157,Product SKU_157,Furnishings,Rugs,676,193,21,173,387.99,145.5,5.97,1.74,LOW,MEDIUM,0.15,0.6,HEALTHY,Inventory position (869 units) safely covers forecast demand (145 units) without excess.,6432.83,11665.37,0.0,0.0,94.0,604782.51,4348593.08
SKU_158,Product SKU_158,Décor,Lighting,49,0,14,147,523.56,130.89,0.37,0.09,CRITICAL,LOW,0.95,0.2,REORDER NOW,Projected demand (131 units) over 14-day lead time exceeds available stock (49 units).,6220.67,9079.77,81.9,743542.37,0.0,0.0,304812.83
SKU_159,Product SKU_159,Small Appliances,Coffee Makers,683,546,28,327,599.66,299.83,4.1,1.14,LOW,LOW,0.15,0.2,HEALTHY,Inventory position (1229 units) safely covers forecast demand (300 units) without excess.,4093.16,6941.49,0.0,0.0,0.0,0.0,2795628.28
SKU_160,Product SKU_160,Furnishings,Rugs,498,166,28,398,662.45,331.22,2.0,0.75,LOW,LOW,0.15,0.2,HEALTHY,Inventory position (664 units) safely covers forecast demand (331 units) without excess.,4436.93,8049.07,0.0,0.0,0.0,0.0,2209591.14
SKU_161,Product SKU_161,Décor,Mirrors,78,104,7,62,438.96,54.87,3.32,0.18,LOW,LOW,0.15,0.2,HEALTHY,Inventory position (182 units) safely covers forecast demand (55 units) without excess.,3382.31,6858.99,0.0,0.0,0.0,0.0,263820.18
SKU_162,Product SKU_162,Small Appliances,Toasters,684,547,14,164,571.95,142.99,8.61,1.2,LOW,LOW,0.15,0.2,HEALTHY,Inventory position (1231 units) safely covers forecast demand (143 units) without excess.,3949.5,7902.17,0.0,0.0,0.0,0.0,2701458.0
SKU_163,Product SKU_163,Furnishings,Seating,1133,323,14,194,667.92,166.98,8.72,1.7,LOW,MEDIUM,0.15,0.6,HEALTHY,Inventory position (1456 units) safely covers forecast demand (167 units) without excess.,2023.64,4329.8,0.0,0.0,131.1,265339.68,2292784.12
SKU_164,Product SKU_164,Décor,Wall Art,795,636,28,381,662.16,331.08,4.32,1.2,LOW,LOW,0.15,0.2,HEALTHY,Inventory position (1431 units) safely covers forecast demand (331 units) without excess.,2976.67,4252.54,0.0,0.0,0.0,0.0,2366452.65
SKU_165,Product SKU_165,Small Appliances,Air Purifiers,22,29,7,17,142.37,17.8,2.87,0.15,LOW,LOW,0.15,0.2,HEALTHY,Inventory position (51 units) safely covers forecast demand (18 units) without excess.,3848.0,6101.77,0.0,0.0,0.0,0.0,84656.0
SKU_166,Product SKU_166,Furnishings,Seating,217,72,28,173,287.61,143.8,2.01,0.75,LOW,LOW,0.15,0.2,HEALTHY,Inventory position (289 units) safely covers forecast demand (144 units) without excess.,2841.77,4800.96,0.0,0.0,0.0,0.0,616664.09
SKU_167,Product SKU_167,Décor,Wall Art,177,59,28,141,236.44,118.22,2.0,0.75,LOW,LOW,0.15,0.2,HEALTHY,Inventory position (236 units) safely covers forecast demand (118 units) without excess.,5134.83,7566.6,0.0,0.0,0.0,0.0,908864.91
SKU_168,Product SKU_168,Small Appliances,Air Purifiers,31,20,14,25,102.73,25.68,1.99,0.3,LOW,LOW,0.15,0.2,HEALTHY,Inventory position (51 units) safely covers forecast demand (26 units) without excess.,3205.1,4494.63,0.0,0.0,0.0,0.0,99358.1
SKU_169,Product SKU_169,Furnishings,Storage,762,217,7,65,461.58,57.7,16.97,1.65,LOW,MEDIUM,0.15,0.6,HEALTHY,Inventory position (979 units) safely covers forecast demand (58 units) without excess.,6061.6,9492.88,0.0,0.0,69.6,422069.21,4618939.2
SKU_170,Product SKU_170,Décor,Vases,35,0,10,107,521.22,93.08,0.38,0.07,CRITICAL,LOW,0.95,0.2,REORDER NOW,Projected demand (93 units) over 10-day lead time exceeds available stock (35 units).,3152.64,5788.47,58.1,336194.34,0.0,0.0,110342.4
SKU_171,Product SKU_171,Small Appliances,Air Purifiers,107,143,7,86,576.48,72.06,3.47,0.19,LOW,LOW,0.15,0.2,HEALTHY,Inventory position (250 units) safely covers forecast demand (72 units) without excess.,3861.52,8003.86,0.0,0.0,0.0,0.0,413182.64
SKU_172,Product SKU_172,Furnishings,Seating,20,26,7,16,127.31,15.91,2.89,0.16,LOW,LOW,0.15,0.2,HEALTHY,Inventory position (46 units) safely covers forecast demand (16 units) without excess.,1325.0,2674.44,0.0,0.0,0.0,0.0,26500.0
SKU_173,Product SKU_173,Décor,Vases,111,148,7,88,603.23,75.4,3.43,0.18,LOW,LOW,0.15,0.2,HEALTHY,Inventory position (259 units) safely covers forecast demand (75 units) without excess.,4397.27,6580.32,0.0,0.0,0.0,0.0,488096.97
SKU_174,Product SKU_174,Small Appliances,Air Purifiers,88,0,28,265,477.78,238.89,0.37,0.18,CRITICAL,LOW,0.95,0.2,REORDER NOW,Projected demand (239 units) over 28-day lead time exceeds available stock (88 units).,2167.02,3558.94,150.9,537008.46,0.0,0.0,190697.76
SKU_175,Product SKU_175,Furnishings,Bedding,128,120,10,103,511.77,91.39,2.71,0.25,LOW,LOW,0.15,0.2,HEALTHY,Inventory position (248 units) safely covers forecast demand (91 units) without excess.,2780.01,4421.06,0.0,0.0,0.0,0.0,355841.28
SKU_176,Product SKU_176,Décor,Wall Art,115,153,7,92,659.38,82.42,3.25,0.17,LOW,LOW,0.15,0.2,HEALTHY,Inventory position (268 units) safely covers forecast demand (82 units) without excess.,1222.17,2690.58,0.0,0.0,0.0,0.0,140549.55
SKU_177,Product SKU_177,Small Appliances,Toasters,753,215,14,129,453.23,113.31,8.54,1.66,LOW,MEDIUM,0.15,0.6,HEALTHY,Inventory position (968 units) safely covers forecast demand (113 units) without excess.,3034.3,6019.87,0.0,0.0,73.2,221974.22,2284827.9
SKU_178,Product SKU_178,Furnishings,Seating,427,122,28,146,264.56,132.28,4.15,1.61,LOW,MEDIUM,0.15,0.6,HEALTHY,Inventory position (549 units) safely covers forecast demand (132 units) without excess.,5973.53,11361.46,0.0,0.0,30.2,180161.66,2550697.31
SKU_179,Product SKU_179,Décor,Mirrors,83,0,21,251,540.25,202.59,0.41,0.15,CRITICAL,LOW,0.95,0.2,REORDER NOW,Projected demand (203 units) over 21-day lead time exceeds available stock (83 units).,4646.33,8088.77,119.6,967336.0,0.0,0.0,385645.39
SKU_180,Product SKU_180,Small Appliances,Coffee Makers,458,130,28,157,278.87,139.44,4.22,1.64,LOW,MEDIUM,0.15,0.6,HEALTHY,Inventory position (588 units) safely covers forecast demand (139 units) without excess.,5273.56,10092.01,0.0,0.0,39.7,209333.96,2415290.48
SKU_181,Product SKU_181,Furnishings,Storage,18,12,14,15,66.22,16.56,1.81,0.27,LOW,LOW,0.15,0.2,HEALTHY,Inventory position (30 units) safely covers forecast demand (17 units) without excess.,2843.68,6370.76,0.0,0.0,0.0,0.0,51186.24
SKU_182,Product SKU_182,Décor,Lighting,422,140,28,337,586.51,293.26,1.92,0.72,LOW,LOW,0.15,0.2,HEALTHY,Inventory position (562 units) safely covers forecast demand (293 units) without excess.,2035.06,3518.25,0.0,0.0,0.0,0.0,858795.32
SKU_183,Product SKU_183,Small Appliances,Toasters,438,125,28,150,279.79,139.89,4.02,1.57,LOW,MEDIUM,0.15,0.6,HEALTHY,Inventory position (563 units) safely covers forecast demand (140 units) without excess.,976.73,2075.82,0.0,0.0,18.3,17888.81,427807.74
SKU_184,Product SKU_184,Furnishings,Storage,657,526,28,315,543.65,271.82,4.35,1.21,LOW,LOW,0.15,0.2,HEALTHY,Inventory position (1183 units) safely covers forecast demand (272 units) without excess.,917.8,1718.18,0.0,0.0,0.0,0.0,602994.6
SKU_185,Product SKU_185,Décor,Mirrors,327,261,14,78,265.53,66.38,8.86,1.23,LOW,LOW,0.15,0.2,HEALTHY,Inventory position (588 units) safely covers forecast demand (66 units) without excess.,7978.87,17608.96,0.0,0.0,0.0,0.0,2609090.49
SKU_186,Product SKU_186,Small Appliances,Toasters,218,145,14,174,573.49,143.37,2.53,0.38,LOW,LOW,0.15,0.2,HEALTHY,Inventory position (363 units) safely covers forecast demand (143 units) without excess.,340.81,776.22,0.0,0.0,0.0,0.0,74296.58
SKU_187,Product SKU_187,Furnishings,Seating,16,0,14,50,169.01,42.25,0.38,0.09,CRITICAL,LOW,0.95,0.2,REORDER NOW,Projected demand (42 units) over 14-day lead time exceeds available stock (16 units).,6620.63,13549.86,26.2,355683.82,0.0,0.0,105930.08
SKU_188,Product SKU_188,Décor,Vases,1147,327,10,140,666.85,119.08,12.38,1.72,LOW,MEDIUM,0.15,0.6,HEALTHY,Inventory position (1474 units) safely covers forecast demand (119 units) without excess.,3969.97,8554.19,0.0,0.0,146.7,582493.85,4553555.59
SKU_189,Product SKU_189,Small Appliances,Coffee Makers,142,132,10,113,543.45,97.04,2.82,0.26,LOW,LOW,0.15,0.2,HEALTHY,Inventory position (274 units) safely covers forecast demand (97 units) without excess.,2792.33,4978.43,0.0,0.0,0.0,0.0,396510.86
SKU_190,Product SKU_190,Furnishings,Bedding,20,0,28,60,102.39,51.2,0.39,0.2,CRITICAL,LOW,0.95,0.2,REORDER NOW,Projected demand (51 units) over 28-day lead time exceeds available stock (20 units).,4379.77,8919.43,31.2,278286.22,0.0,0.0,87595.4
SKU_191,Product SKU_191,Décor,Wall Art,686,196,7,58,390.14,48.77,18.09,1.76,LOW,MEDIUM,0.15,0.6,HEALTHY,Inventory position (882 units) safely covers forecast demand (49 units) without excess.,972.13,1803.78,0.0,0.0,100.8,97980.98,666881.18
SKU_192,Product SKU_192,Small Appliances,Blenders,1159,331,10,141,679.57,121.35,12.28,1.71,LOW,MEDIUM,0.15,0.6,HEALTHY,Inventory position (1490 units) safely covers forecast demand (121 units) without excess.,699.04,1190.43,0.0,0.0,139.6,97617.44,810187.36
SKU_193,Product SKU_193,Furnishings,Seating,579,165,14,99,348.75,87.19,8.53,1.66,LOW,MEDIUM,0.15,0.6,HEALTHY,Inventory position (744 units) safely covers forecast demand (87 units) without excess.,4526.7,7159.24,0.0,0.0,55.9,252929.36,2620959.3
SKU_194,Product SKU_194,Décor,Mirrors,21,0,21,65,153.34,57.5,0.37,0.14,CRITICAL,LOW,0.95,0.2,REORDER NOW,Projected demand (58 units) over 21-day lead time exceeds available stock (21 units).,976.58,1489.23,36.5,54356.9,0.0,0.0,20508.18
SKU_195,Product SKU_195,Small Appliances,Coffee Makers,127,85,14,102,337.01,84.25,2.52,0.38,LOW,LOW,0.15,0.2,HEALTHY,Inventory position (212 units) safely covers forecast demand (84 units) without excess.,4886.42,8914.88,0.0,0.0,0.0,0.0,620575.34
SKU_196,Product SKU_196,Furnishings,Rugs,1,0,7,0,12.62,1.58,0.63,0.08,HIGH,LOW,0.75,0.2,REORDER NOW,Projected demand (2 units) over 7-day lead time exceeds available stock (1 units).,1121.58,2428.96,0.6,1408.8,0.0,0.0,1121.58
SKU_197,Product SKU_197,Décor,Mirrors,1,1,7,0,12.74,1.59,1.26,0.08,LOW,LOW,0.15,0.2,HEALTHY,Inventory position (2 units) safely covers forecast demand (2 units) without excess.,1257.09,2586.82,0.0,0.0,0.0,0.0,1257.09
SKU_198,Product SKU_198,Small Appliances,Coffee Makers,1,0,7,0,12.52,1.56,0.64,0.08,HIGH,LOW,0.75,0.2,REORDER NOW,Projected demand (2 units) over 7-day lead time exceeds available stock (1 units).,3220.06,7192.98,0.6,4028.07,0.0,0.0,3220.06
SKU_199,Product SKU_199,Furnishings,Storage,0,0,14,0,13.16,3.29,0.0,0.0,HIGH,LOW,0.9,0.1,INVESTIGATE,Missing inventory snapshot data for this SKU.,6782.08,10348.06,3.3,34045.12,0.0,0.0,0.0
SKU_200,Product SKU_200,Décor,Lighting,0,0,14,0,13.32,3.33,0.0,0.0,HIGH,LOW,0.9,0.1,INVESTIGATE,Missing inventory snapshot data for this SKU.,6456.44,13833.69,3.3,46066.19,0.0,0.0,0.0
